CustomerID,CLV_Predicted,CLV_Tier
12346.0,0,Low
12347.0,2,High
12348.0,1,Mid
12350.0,0,Low
12352.0,2,High
12353.0,0,Low
12354.0,0,Low
12355.0,0,Low
12356.0,0,Low
12358.0,1,Mid
12359.0,2,High
12360.0,2,High
12361.0,0,Low
12362.0,2,High
12363.0,0,Low
12364.0,0,Low
12365.0,0,Low
12370.0,1,Mid
12372.0,1,Mid
12373.0,0,Low
12375.0,0,Low
12377.0,2,High
12378.0,0,Low
12379.0,1,Mid
12380.0,0,Low
12381.0,0,Low
12383.0,2,High
12384.0,0,Low
12386.0,0,Low
12388.0,2,High
12393.0,1,Mid
12394.0,1,Mid
12395.0,2,High
12397.0,0,Low
12399.0,0,Low
12401.0,0,Low
12402.0,0,Low
12405.0,0,Low
12406.0,2,High
12407.0,0,Low
12408.0,1,Mid
12409.0,2,High
12410.0,0,Low
12412.0,0,Low
12413.0,0,Low
12414.0,0,Low
12415.0,2,High
12417.0,1,Mid
12418.0,0,Low
12421.0,0,Low
12422.0,0,Low
12423.0,0,Low
12424.0,0,Low
12426.0,0,Low
12427.0,1,Mid
12428.0,1,Mid
12429.0,2,High
12431.0,2,High
12432.0,0,Low
12433.0,2,High
12434.0,1,Mid
12435.0,0,Low
12436.0,0,Low
12437.0,2,High
12438.0,2,High
12441.0,0,Low
12444.0,2,High
12447.0,0,Low
12449.0,2,High
12450.0,0,Low
12451.0,2,High
12453.0,0,Low
12455.0,0,Low
12456.0,2,High
12457.0,2,High
12458.0,1,Mid
12461.0,0,Low
12462.0,1,Mid
12463.0,0,Low
12464.0,1,Mid
12465.0,0,Low
12468.0,0,Low
12471.0,2,High
12472.0,2,High
12473.0,0,Low
12474.0,2,High
12476.0,2,High
12477.0,2,High
12480.0,2,High
12481.0,2,High
12483.0,1,Mid
12484.0,1,Mid
12489.0,0,Low
12490.0,2,High
12492.0,0,Low
12493.0,0,Low
12494.0,0,Low
12500.0,1,Mid
12501.0,0,Low
12502.0,0,Low
12506.0,0,Low
12507.0,0,Low
12509.0,0,Low
12510.0,0,Low
12513.0,0,Low
12514.0,0,Low
12515.0,0,Low
12516.0,1,Mid
12517.0,2,High
12518.0,2,High
12520.0,1,Mid
12521.0,0,Low
12523.0,1,Mid
12524.0,2,High
12526.0,1,Mid
12527.0,0,Low
12528.0,1,Mid
12530.0,1,Mid
12534.0,0,Low
12535.0,0,Low
12539.0,2,High
12540.0,2,High
12541.0,1,Mid
12545.0,1,Mid
12547.0,0,Low
12548.0,0,Low
12551.0,0,Low
12553.0,2,High
12556.0,0,Low
12557.0,2,High
12559.0,0,Low
12560.0,1,Mid
12561.0,0,Low
12562.0,2,High
12564.0,0,Low
12565.0,0,Low
12567.0,2,High
12569.0,2,High
12571.0,0,Low
12573.0,0,Low
12574.0,0,Low
12576.0,1,Mid
12577.0,1,Mid
12578.0,2,High
12580.0,0,Low
12582.0,0,Low
12583.0,2,High
12584.0,2,High
12585.0,0,Low
12589.0,1,Mid
12590.0,0,Low
12591.0,0,Low
12592.0,0,Low
12593.0,0,Low
12594.0,1,Mid
12596.0,0,Low
12597.0,2,High
12598.0,2,High
12599.0,0,Low
12600.0,1,Mid
12601.0,0,Low
12604.0,0,Low
12609.0,0,Low
12610.0,1,Mid
12613.0,1,Mid
12614.0,0,Low
12615.0,2,High
12616.0,0,Low
12619.0,2,High
12620.0,1,Mid
12621.0,2,High
12622.0,0,Low
12623.0,0,Low
12624.0,0,Low
12625.0,0,Low
12626.0,2,High
12627.0,2,High
12633.0,0,Low
12635.0,0,Low
12637.0,0,Low
12639.0,0,Low
12641.0,0,Low
12642.0,1,Mid
12643.0,0,Low
12644.0,0,Low
12645.0,1,Mid
12647.0,1,Mid
12648.0,0,Low
12649.0,0,Low
12651.0,0,Low
12652.0,0,Low
12653.0,0,Low
12654.0,0,Low
12656.0,2,High
12662.0,2,High
12664.0,2,High
12665.0,0,Low
12668.0,0,Low
12669.0,0,Low
12670.0,1,Mid
12672.0,0,Low
12673.0,1,Mid
12674.0,1,Mid
12676.0,0,Low
12678.0,2,High
12679.0,0,Low
12680.0,0,Low
12681.0,2,High
12682.0,2,High
12683.0,2,High
12684.0,1,Mid
12685.0,2,High
12686.0,0,Low
12688.0,0,Low
12689.0,0,Low
12690.0,0,Low
12691.0,1,Mid
12693.0,0,Low
12694.0,1,Mid
12695.0,0,Low
12697.0,0,Low
12700.0,2,High
12701.0,1,Mid
12704.0,2,High
12705.0,2,High
12707.0,0,Low
12708.0,1,Mid
12709.0,2,High
12710.0,0,Low
12712.0,1,Mid
12714.0,2,High
12715.0,0,Low
12716.0,1,Mid
12717.0,1,Mid
12720.0,2,High
12721.0,2,High
12722.0,0,Low
12724.0,0,Low
12725.0,0,Low
12726.0,2,High
12727.0,1,Mid
12728.0,0,Low
12729.0,0,Low
12731.0,2,High
12732.0,0,Low
12733.0,0,Low
12734.0,0,Low
12735.0,0,Low
12736.0,0,Low
12738.0,0,Low
12739.0,0,Low
12743.0,0,Low
12744.0,2,High
12747.0,2,High
12748.0,2,High
12749.0,0,Low
12750.0,0,Low
12753.0,2,High
12754.0,0,Low
12755.0,0,Low
12757.0,2,High
12758.0,0,Low
12759.0,1,Mid
12763.0,0,Low
12764.0,0,Low
12766.0,2,High
12769.0,0,Low
12770.0,0,Low
12775.0,0,Low
12778.0,0,Low
12779.0,2,High
12781.0,0,Low
12782.0,0,Low
12785.0,0,Low
12787.0,0,Low
12790.0,0,Low
12791.0,0,Low
12792.0,0,Low
12793.0,0,Low
12794.0,1,Mid
12797.0,0,Low
12798.0,2,High
12802.0,0,Low
12808.0,0,Low
12809.0,0,Low
12811.0,0,Low
12814.0,0,Low
12815.0,0,Low
12816.0,0,Low
12817.0,0,Low
12818.0,0,Low
12820.0,1,Mid
12821.0,0,Low
12823.0,1,Mid
12826.0,1,Mid
12828.0,1,Mid
12829.0,0,Low
12830.0,1,Mid
12831.0,0,Low
12832.0,0,Low
12833.0,0,Low
12834.0,0,Low
12836.0,1,Mid
12837.0,0,Low
12838.0,0,Low
12839.0,2,High
12840.0,0,Low
12841.0,2,High
12842.0,1,Mid
12843.0,2,High
12844.0,0,Low
12845.0,0,Low
12849.0,0,Low
12851.0,0,Low
12852.0,0,Low
12853.0,0,Low
12854.0,0,Low
12855.0,0,Low
12857.0,0,Low
12864.0,0,Low
12865.0,1,Mid
12866.0,0,Low
12867.0,2,High
12868.0,0,Low
12871.0,0,Low
12872.0,0,Low
12873.0,0,Low
12875.0,0,Low
12876.0,2,High
12877.0,1,Mid
12878.0,0,Low
12879.0,1,Mid
12881.0,0,Low
12885.0,0,Low
12886.0,1,Mid
12888.0,0,Low
12891.0,0,Low
12897.0,0,Low
12901.0,2,High
12902.0,0,Low
12904.0,0,Low
12908.0,0,Low
12909.0,0,Low
12910.0,2,High
12913.0,2,High
12915.0,0,Low
12916.0,0,Low
12917.0,0,Low
12919.0,0,Low
12921.0,2,High
12922.0,0,Low
12924.0,0,Low
12928.0,2,High
12929.0,0,Low
12930.0,0,Low
12931.0,2,High
12933.0,0,Low
12935.0,1,Mid
12937.0,2,High
12939.0,2,High
12942.0,0,Low
12944.0,0,Low
12945.0,0,Low
12947.0,0,Low
12948.0,1,Mid
12949.0,1,Mid
12951.0,0,Low
12955.0,2,High
12956.0,0,Low
12957.0,2,High
12962.0,0,Low
12963.0,2,High
12967.0,0,Low
12968.0,0,Low
12970.0,1,Mid
12971.0,2,High
12974.0,0,Low
12976.0,2,High
12977.0,0,Low
12980.0,0,Low
12981.0,0,Low
12982.0,0,Low
12987.0,0,Low
12988.0,0,Low
12989.0,2,High
12990.0,0,Low
12991.0,0,Low
12993.0,0,Low
12994.0,0,Low
12997.0,1,Mid
12999.0,0,Low
13000.0,0,Low
13001.0,2,High
13002.0,0,Low
13003.0,0,Low
13004.0,2,High
13005.0,0,Low
13008.0,0,Low
13011.0,0,Low
13012.0,1,Mid
13013.0,2,High
13014.0,2,High
13015.0,2,High
13016.0,1,Mid
13018.0,2,High
13021.0,2,High
13023.0,0,Low
13026.0,0,Low
13027.0,0,Low
13029.0,1,Mid
13030.0,0,Low
13033.0,0,Low
13034.0,1,Mid
13035.0,1,Mid
13037.0,0,Low
13038.0,0,Low
13043.0,0,Low
13044.0,0,Low
13045.0,0,Low
13046.0,1,Mid
13047.0,1,Mid
13048.0,1,Mid
13049.0,0,Low
13050.0,2,High
13052.0,0,Low
13055.0,1,Mid
13058.0,0,Low
13059.0,0,Low
13060.0,0,Low
13062.0,0,Low
13064.0,1,Mid
13065.0,0,Low
13068.0,0,Low
13069.0,0,Low
13070.0,0,Low
13072.0,0,Low
13075.0,0,Low
13077.0,0,Low
13078.0,2,High
13079.0,0,Low
13080.0,0,Low
13081.0,2,High
13082.0,0,Low
13085.0,0,Low
13089.0,2,High
13090.0,2,High
13092.0,0,Low
13093.0,0,Low
13094.0,1,Mid
13097.0,2,High
13098.0,2,High
13099.0,0,Low
13101.0,0,Low
13102.0,2,High
13104.0,1,Mid
13106.0,0,Low
13107.0,1,Mid
13108.0,0,Low
13109.0,1,Mid
13110.0,1,Mid
13113.0,1,Mid
13115.0,0,Low
13116.0,0,Low
13117.0,0,Low
13118.0,0,Low
13120.0,0,Low
13121.0,0,Low
13122.0,0,Low
13124.0,0,Low
13126.0,2,High
13130.0,0,Low
13131.0,1,Mid
13132.0,0,Low
13133.0,0,Low
13134.0,1,Mid
13135.0,0,Low
13136.0,0,Low
13137.0,2,High
13138.0,1,Mid
13139.0,2,High
13140.0,0,Low
13141.0,2,High
13144.0,0,Low
13145.0,0,Low
13147.0,1,Mid
13148.0,2,High
13149.0,1,Mid
13151.0,0,Low
13155.0,1,Mid
13157.0,0,Low
13158.0,0,Low
13159.0,1,Mid
13161.0,0,Low
13162.0,0,Low
13165.0,0,Low
13166.0,0,Low
13167.0,1,Mid
13168.0,0,Low
13169.0,0,Low
13171.0,0,Low
13173.0,0,Low
13174.0,1,Mid
13178.0,2,High
13183.0,2,High
13184.0,0,Low
13185.0,0,Low
13186.0,0,Low
13187.0,0,Low
13189.0,0,Low
13192.0,0,Low
13194.0,0,Low
13196.0,2,High
13198.0,1,Mid
13199.0,2,High
13200.0,1,Mid
13203.0,1,Mid
13207.0,0,Low
13208.0,1,Mid
13209.0,2,High
13210.0,0,Low
13211.0,0,Low
13213.0,1,Mid
13216.0,0,Low
13217.0,0,Low
13218.0,0,Low
13220.0,0,Low
13221.0,0,Low
13223.0,0,Low
13224.0,2,High
13225.0,2,High
13226.0,0,Low
13227.0,0,Low
13229.0,0,Low
13230.0,1,Mid
13232.0,0,Low
13233.0,0,Low
13235.0,0,Low
13236.0,0,Low
13238.0,1,Mid
13239.0,0,Low
13240.0,0,Low
13242.0,0,Low
13243.0,0,Low
13244.0,0,Low
13246.0,0,Low
13248.0,0,Low
13249.0,0,Low
13253.0,0,Low
13255.0,0,Low
13258.0,1,Mid
13261.0,0,Low
13262.0,0,Low
13263.0,2,High
13265.0,1,Mid
13266.0,2,High
13267.0,2,High
13268.0,2,High
13269.0,2,High
13270.0,0,Low
13273.0,0,Low
13276.0,1,Mid
13277.0,0,Low
13280.0,0,Low
13282.0,0,Low
13283.0,0,Low
13284.0,0,Low
13285.0,1,Mid
13291.0,0,Low
13292.0,0,Low
13294.0,0,Low
13295.0,0,Low
13296.0,0,Low
13299.0,0,Low
13300.0,0,Low
13301.0,0,Low
13302.0,0,Low
13304.0,0,Low
13305.0,1,Mid
13307.0,0,Low
13308.0,1,Mid
13309.0,2,High
13310.0,0,Low
13311.0,0,Low
13313.0,0,Low
13316.0,2,High
13317.0,2,High
13319.0,2,High
13320.0,1,Mid
13324.0,2,High
13327.0,1,Mid
13328.0,0,Low
13329.0,1,Mid
13330.0,0,Low
13334.0,1,Mid
13338.0,0,Low
13339.0,1,Mid
13340.0,2,High
13341.0,0,Low
13343.0,0,Low
13344.0,1,Mid
13345.0,0,Low
13355.0,0,Low
13357.0,0,Low
13358.0,0,Low
13362.0,2,High
13365.0,2,High
13368.0,0,Low
13369.0,0,Low
13370.0,0,Low
13373.0,2,High
13376.0,0,Low
13379.0,1,Mid
13381.0,2,High
13382.0,0,Low
13384.0,2,High
13385.0,0,Low
13388.0,0,Low
13389.0,1,Mid
13391.0,0,Low
13394.0,1,Mid
13395.0,0,Low
13396.0,2,High
13397.0,0,Low
13398.0,0,Low
13402.0,0,Low
13404.0,0,Low
13405.0,0,Low
13408.0,2,High
13410.0,1,Mid
13411.0,0,Low
13414.0,0,Low
13417.0,1,Mid
13418.0,2,High
13420.0,0,Low
13421.0,2,High
13425.0,0,Low
13426.0,2,High
13427.0,0,Low
13434.0,1,Mid
13435.0,2,High
13437.0,2,High
13439.0,0,Low
13441.0,0,Low
13448.0,0,Low
13450.0,0,Low
13451.0,1,Mid
13452.0,0,Low
13453.0,0,Low
13455.0,1,Mid
13456.0,2,High
13458.0,2,High
13461.0,0,Low
13462.0,0,Low
13466.0,0,Low
13468.0,2,High
13470.0,0,Low
13473.0,0,Low
13474.0,0,Low
13475.0,0,Low
13476.0,0,Low
13477.0,1,Mid
13479.0,0,Low
13481.0,1,Mid
13482.0,0,Low
13484.0,0,Low
13485.0,0,Low
13486.0,0,Low
13487.0,0,Low
13488.0,2,High
13489.0,0,Low
13491.0,1,Mid
13492.0,0,Low
13493.0,0,Low
13494.0,0,Low
13495.0,2,High
13496.0,0,Low
13497.0,0,Low
13499.0,1,Mid
13500.0,1,Mid
13501.0,0,Low
13502.0,0,Low
13505.0,2,High
13506.0,0,Low
13507.0,1,Mid
13508.0,0,Low
13509.0,0,Low
13510.0,0,Low
13512.0,0,Low
13513.0,0,Low
13515.0,0,Low
13516.0,0,Low
13517.0,1,Mid
13520.0,1,Mid
13523.0,0,Low
13524.0,0,Low
13525.0,0,Low
13527.0,1,Mid
13529.0,0,Low
13531.0,0,Low
13533.0,0,Low
13534.0,2,High
13538.0,0,Low
13539.0,0,Low
13544.0,0,Low
13546.0,1,Mid
13548.0,0,Low
13549.0,0,Low
13551.0,0,Low
13552.0,2,High
13555.0,0,Low
13557.0,0,Low
13561.0,0,Low
13562.0,1,Mid
13563.0,1,Mid
13564.0,2,High
13565.0,0,Low
13568.0,0,Low
13569.0,0,Low
13570.0,0,Low
13571.0,2,High
13572.0,0,Low
13573.0,0,Low
13575.0,1,Mid
13576.0,2,High
13577.0,1,Mid
13579.0,0,Low
13581.0,0,Low
13583.0,0,Low
13584.0,0,Low
13588.0,2,High
13589.0,0,Low
13590.0,1,Mid
13591.0,0,Low
13592.0,0,Low
13593.0,0,Low
13599.0,2,High
13600.0,0,Low
13601.0,0,Low
13606.0,0,Low
13610.0,0,Low
13611.0,1,Mid
13614.0,1,Mid
13615.0,0,Low
13617.0,0,Low
13618.0,0,Low
13621.0,0,Low
13623.0,0,Low
13626.0,0,Low
13627.0,1,Mid
13629.0,2,High
13630.0,1,Mid
13631.0,0,Low
13632.0,2,High
13634.0,1,Mid
13636.0,0,Low
13637.0,0,Low
13642.0,0,Low
13643.0,0,Low
13644.0,2,High
13645.0,0,Low
13647.0,0,Low
13649.0,0,Low
13650.0,2,High
13652.0,1,Mid
13654.0,2,High
13655.0,0,Low
13656.0,0,Low
13657.0,0,Low
13658.0,2,High
13659.0,0,Low
13662.0,1,Mid
13663.0,0,Low
13666.0,0,Low
13667.0,0,Low
13668.0,2,High
13669.0,0,Low
13672.0,0,Low
13675.0,0,Low
13678.0,0,Low
13680.0,2,High
13681.0,0,Low
13682.0,0,Low
13684.0,0,Low
13686.0,0,Low
13692.0,1,Mid
13694.0,2,High
13695.0,1,Mid
13699.0,0,Low
13700.0,1,Mid
13703.0,0,Low
13705.0,0,Low
13706.0,0,Low
13707.0,0,Low
13708.0,0,Low
13709.0,2,High
13711.0,0,Low
13712.0,0,Low
13715.0,0,Low
13716.0,0,Low
13717.0,1,Mid
13718.0,0,Low
13719.0,1,Mid
13720.0,0,Low
13722.0,0,Low
13723.0,0,Low
13725.0,2,High
13726.0,1,Mid
13728.0,0,Low
13730.0,0,Low
13731.0,0,Low
13735.0,2,High
13736.0,1,Mid
13737.0,0,Low
13740.0,0,Low
13741.0,0,Low
13742.0,1,Mid
13743.0,1,Mid
13744.0,0,Low
13745.0,0,Low
13747.0,0,Low
13748.0,0,Low
13750.0,0,Low
13751.0,0,Low
13752.0,0,Low
13753.0,0,Low
13754.0,0,Low
13756.0,2,High
13758.0,1,Mid
13760.0,0,Low
13761.0,0,Low
13762.0,0,Low
13764.0,1,Mid
13767.0,2,High
13769.0,1,Mid
13771.0,1,Mid
13772.0,1,Mid
13777.0,2,High
13778.0,0,Low
13780.0,0,Low
13781.0,0,Low
13782.0,0,Low
13784.0,0,Low
13786.0,0,Low
13787.0,0,Low
13791.0,0,Low
13792.0,0,Low
13798.0,2,High
13799.0,0,Low
13800.0,0,Low
13802.0,0,Low
13803.0,0,Low
13804.0,2,High
13805.0,1,Mid
13807.0,0,Low
13808.0,2,High
13809.0,0,Low
13811.0,0,Low
13812.0,0,Low
13813.0,0,Low
13814.0,0,Low
13815.0,2,High
13817.0,0,Low
13819.0,0,Low
13821.0,0,Low
13823.0,0,Low
13824.0,0,Low
13826.0,0,Low
13827.0,0,Low
13831.0,1,Mid
13833.0,0,Low
13835.0,0,Low
13837.0,0,Low
13838.0,0,Low
13841.0,0,Low
13842.0,2,High
13846.0,0,Low
13848.0,0,Low
13849.0,2,High
13850.0,0,Low
13851.0,0,Low
13854.0,2,High
13856.0,0,Low
13859.0,0,Low
13862.0,1,Mid
13863.0,0,Low
13865.0,0,Low
13867.0,1,Mid
13869.0,0,Low
13870.0,1,Mid
13871.0,2,High
13873.0,0,Low
13874.0,0,Low
13875.0,1,Mid
13880.0,2,High
13881.0,2,High
13883.0,1,Mid
13884.0,1,Mid
13885.0,0,Low
13887.0,0,Low
13888.0,0,Low
13889.0,0,Low
13890.0,2,High
13892.0,1,Mid
13893.0,0,Low
13894.0,1,Mid
13895.0,2,High
13898.0,0,Low
13899.0,0,Low
13900.0,0,Low
13901.0,0,Low
13904.0,0,Low
13908.0,2,High
13911.0,0,Low
13917.0,0,Low
13918.0,2,High
13919.0,0,Low
13922.0,0,Low
13925.0,0,Low
13928.0,0,Low
13929.0,0,Low
13930.0,0,Low
13931.0,0,Low
13932.0,0,Low
13933.0,0,Low
13934.0,0,Low
13936.0,0,Low
13937.0,0,Low
13939.0,0,Low
13940.0,1,Mid
13941.0,2,High
13946.0,0,Low
13948.0,0,Low
13949.0,2,High
13950.0,1,Mid
13951.0,0,Low
13952.0,0,Low
13953.0,2,High
13955.0,0,Low
13956.0,0,Low
13959.0,0,Low
13962.0,0,Low
13963.0,0,Low
13967.0,0,Low
13969.0,2,High
13971.0,1,Mid
13972.0,0,Low
13973.0,0,Low
13975.0,2,High
13976.0,0,Low
13982.0,1,Mid
13983.0,2,High
13984.0,0,Low
13985.0,2,High
13988.0,2,High
13989.0,0,Low
13990.0,0,Low
13991.0,0,Low
13993.0,2,High
13994.0,0,Low
13995.0,1,Mid
13999.0,2,High
14000.0,0,Low
14001.0,1,Mid
14002.0,0,Low
14004.0,2,High
14005.0,2,High
14006.0,0,Low
14009.0,0,Low
14012.0,0,Low
14013.0,0,Low
14016.0,0,Low
14019.0,1,Mid
14021.0,0,Low
14022.0,0,Low
14023.0,0,Low
14024.0,0,Low
14029.0,0,Low
14030.0,1,Mid
14031.0,2,High
14032.0,2,High
14034.0,0,Low
14035.0,1,Mid
14036.0,0,Low
14037.0,0,Low
14038.0,1,Mid
14040.0,1,Mid
14041.0,0,Low
14044.0,0,Low
14045.0,0,Low
14046.0,0,Low
14047.0,1,Mid
14048.0,0,Low
14049.0,2,High
14050.0,0,Low
14051.0,2,High
14053.0,0,Low
14055.0,0,Low
14056.0,2,High
14057.0,2,High
14059.0,0,Low
14060.0,2,High
14062.0,2,High
14064.0,0,Low
14066.0,0,Low
14067.0,0,Low
14068.0,0,Low
14071.0,0,Low
14075.0,1,Mid
14076.0,0,Low
14077.0,0,Low
14078.0,0,Low
14079.0,0,Low
14081.0,0,Low
14082.0,0,Low
14083.0,1,Mid
14085.0,2,High
14088.0,2,High
14090.0,0,Low
14092.0,2,High
14096.0,2,High
14099.0,2,High
14100.0,0,Low
14101.0,2,High
14104.0,0,Low
14105.0,0,Low
14107.0,0,Low
14108.0,0,Low
14110.0,2,High
14111.0,1,Mid
14112.0,2,High
14113.0,0,Low
14114.0,0,Low
14116.0,1,Mid
14117.0,0,Low
14127.0,0,Low
14128.0,0,Low
14129.0,1,Mid
14130.0,0,Low
14132.0,2,High
14133.0,0,Low
14135.0,2,High
14141.0,1,Mid
14142.0,0,Low
14143.0,0,Low
14145.0,1,Mid
14146.0,2,High
14147.0,0,Low
14148.0,0,Low
14149.0,0,Low
14150.0,0,Low
14152.0,0,Low
14154.0,0,Low
14155.0,0,Low
14156.0,2,High
14157.0,0,Low
14159.0,2,High
14161.0,0,Low
14162.0,0,Low
14163.0,0,Low
14165.0,0,Low
14167.0,0,Low
14171.0,0,Low
14173.0,0,Low
14175.0,2,High
14176.0,0,Low
14177.0,0,Low
14178.0,2,High
14180.0,1,Mid
14185.0,0,Low
14188.0,1,Mid
14189.0,2,High
14191.0,2,High
14193.0,1,Mid
14194.0,2,High
14195.0,0,Low
14196.0,0,Low
14198.0,0,Low
14199.0,0,Low
14201.0,0,Low
14205.0,0,Low
14206.0,0,Low
14208.0,0,Low
14209.0,0,Low
14210.0,1,Mid
14211.0,0,Low
14214.0,0,Low
14215.0,0,Low
14217.0,1,Mid
14220.0,0,Low
14221.0,1,Mid
14222.0,0,Low
14223.0,0,Low
14224.0,0,Low
14226.0,1,Mid
14227.0,0,Low
14229.0,0,Low
14231.0,0,Low
14232.0,2,High
14233.0,0,Low
14235.0,0,Low
14236.0,0,Low
14237.0,0,Low
14238.0,0,Low
14239.0,1,Mid
14240.0,1,Mid
14241.0,0,Low
14242.0,0,Low
14243.0,0,Low
14245.0,2,High
14246.0,0,Low
14247.0,0,Low
14248.0,0,Low
14256.0,0,Low
14257.0,1,Mid
14258.0,2,High
14259.0,0,Low
14262.0,2,High
14264.0,0,Low
14265.0,0,Low
14267.0,0,Low
14270.0,0,Low
14271.0,0,Low
14272.0,0,Low
14273.0,0,Low
14276.0,0,Low
14277.0,2,High
14280.0,0,Low
14282.0,2,High
14285.0,2,High
14286.0,0,Low
14287.0,0,Low
14288.0,0,Low
14289.0,0,Low
14290.0,2,High
14291.0,2,High
14292.0,2,High
14293.0,0,Low
14297.0,2,High
14298.0,2,High
14299.0,2,High
14301.0,0,Low
14304.0,0,Low
14305.0,1,Mid
14307.0,1,Mid
14309.0,1,Mid
14311.0,0,Low
14312.0,1,Mid
14314.0,0,Low
14315.0,2,High
14320.0,0,Low
14321.0,1,Mid
14323.0,0,Low
14326.0,0,Low
14327.0,0,Low
14329.0,2,High
14331.0,0,Low
14332.0,1,Mid
14334.0,2,High
14335.0,0,Low
14336.0,0,Low
14338.0,0,Low
14339.0,0,Low
14340.0,0,Low
14341.0,2,High
14342.0,0,Low
14344.0,0,Low
14346.0,0,Low
14348.0,0,Low
14350.0,0,Low
14351.0,0,Low
14352.0,0,Low
14353.0,0,Low
14355.0,0,Low
14360.0,0,Low
14364.0,0,Low
14367.0,2,High
14368.0,0,Low
14371.0,0,Low
14373.0,0,Low
14375.0,0,Low
14377.0,0,Low
14379.0,0,Low
14383.0,2,High
14386.0,0,Low
14387.0,2,High
14388.0,2,High
14389.0,1,Mid
14390.0,2,High
14393.0,0,Low
14395.0,2,High
14396.0,1,Mid
14397.0,2,High
14400.0,0,Low
14401.0,2,High
14403.0,0,Low
14404.0,1,Mid
14406.0,0,Low
14407.0,0,Low
14408.0,2,High
14409.0,0,Low
14410.0,0,Low
14411.0,0,Low
14413.0,0,Low
14414.0,0,Low
14415.0,2,High
14418.0,2,High
14419.0,1,Mid
14420.0,0,Low
14421.0,0,Low
14422.0,2,High
14423.0,0,Low
14426.0,2,High
14428.0,0,Low
14431.0,0,Low
14436.0,0,Low
14437.0,0,Low
14438.0,0,Low
14439.0,0,Low
14440.0,2,High
14441.0,1,Mid
14442.0,0,Low
14443.0,1,Mid
14446.0,1,Mid
14447.0,1,Mid
14448.0,0,Low
14449.0,1,Mid
14450.0,0,Low
14451.0,0,Low
14452.0,0,Low
14453.0,0,Low
14456.0,2,High
14457.0,0,Low
14459.0,0,Low
14460.0,0,Low
14461.0,0,Low
14462.0,1,Mid
14463.0,0,Low
14465.0,0,Low
14466.0,1,Mid
14467.0,1,Mid
14470.0,0,Low
14472.0,1,Mid
14473.0,0,Low
14475.0,0,Low
14476.0,0,Low
14477.0,1,Mid
14479.0,0,Low
14481.0,0,Low
14482.0,2,High
14483.0,0,Low
14487.0,0,Low
14489.0,0,Low
14491.0,0,Low
14493.0,2,High
14495.0,0,Low
14496.0,0,Low
14497.0,0,Low
14498.0,1,Mid
14499.0,1,Mid
14500.0,0,Low
14501.0,0,Low
14502.0,2,High
14503.0,2,High
14504.0,0,Low
14505.0,2,High
14506.0,2,High
14507.0,1,Mid
14511.0,0,Low
14512.0,0,Low
14513.0,0,Low
14514.0,1,Mid
14515.0,2,High
14517.0,0,Low
14520.0,0,Low
14522.0,0,Low
14523.0,0,Low
14524.0,1,Mid
14525.0,2,High
14527.0,2,High
14529.0,0,Low
14530.0,1,Mid
14532.0,0,Low
14533.0,2,High
14534.0,2,High
14535.0,2,High
14536.0,0,Low
14538.0,0,Low
14540.0,1,Mid
14541.0,0,Low
14542.0,0,Low
14543.0,0,Low
14544.0,1,Mid
14546.0,2,High
14548.0,0,Low
14549.0,0,Low
14551.0,0,Low
14552.0,0,Low
14553.0,0,Low
14555.0,0,Low
14560.0,1,Mid
14561.0,0,Low
14562.0,2,High
14565.0,0,Low
14566.0,0,Low
14567.0,1,Mid
14570.0,0,Low
14572.0,2,High
14573.0,0,Low
14576.0,0,Low
14577.0,0,Low
14583.0,0,Low
14584.0,0,Low
14586.0,0,Low
14587.0,0,Low
14589.0,0,Low
14591.0,2,High
14593.0,0,Low
14594.0,0,Low
14595.0,0,Low
14597.0,1,Mid
14600.0,0,Low
14603.0,0,Low
14606.0,2,High
14607.0,0,Low
14608.0,2,High
14609.0,0,Low
14616.0,0,Low
14618.0,0,Low
14619.0,0,Low
14620.0,0,Low
14621.0,1,Mid
14622.0,0,Low
14623.0,0,Low
14625.0,0,Low
14626.0,2,High
14628.0,0,Low
14631.0,1,Mid
14632.0,0,Low
14633.0,0,Low
14636.0,0,Low
14639.0,2,High
14640.0,1,Mid
14643.0,1,Mid
14644.0,1,Mid
14645.0,0,Low
14646.0,2,High
14647.0,0,Low
14649.0,1,Mid
14651.0,0,Low
14653.0,0,Low
14655.0,0,Low
14656.0,0,Low
14657.0,0,Low
14658.0,0,Low
14659.0,1,Mid
14660.0,0,Low
14662.0,0,Low
14665.0,1,Mid
14667.0,2,High
14669.0,0,Low
14670.0,0,Low
14672.0,0,Low
14673.0,2,High
14676.0,2,High
14680.0,2,High
14681.0,0,Low
14682.0,0,Low
14684.0,1,Mid
14687.0,0,Low
14688.0,2,High
14689.0,0,Low
14690.0,0,Low
14691.0,1,Mid
14692.0,0,Low
14693.0,0,Low
14696.0,1,Mid
14697.0,0,Low
14699.0,0,Low
14700.0,1,Mid
14701.0,1,Mid
14702.0,2,High
14704.0,0,Low
14705.0,0,Low
14708.0,1,Mid
14709.0,2,High
14711.0,1,Mid
14712.0,1,Mid
14713.0,1,Mid
14715.0,0,Low
14716.0,0,Low
14719.0,2,High
14720.0,1,Mid
14722.0,0,Low
14723.0,1,Mid
14727.0,0,Low
14729.0,0,Low
14730.0,2,High
14731.0,0,Low
14732.0,2,High
14733.0,1,Mid
14735.0,2,High
14737.0,0,Low
14738.0,1,Mid
14739.0,2,High
14740.0,0,Low
14741.0,1,Mid
14744.0,0,Low
14745.0,0,Low
14747.0,0,Low
14748.0,0,Low
14754.0,1,Mid
14755.0,2,High
14758.0,0,Low
14759.0,1,Mid
14760.0,0,Low
14761.0,0,Low
14762.0,0,Low
14765.0,0,Low
14766.0,2,High
14768.0,0,Low
14769.0,2,High
14770.0,0,Low
14772.0,0,Low
14775.0,0,Low
14776.0,0,Low
14778.0,0,Low
14779.0,0,Low
14782.0,0,Low
14784.0,0,Low
14790.0,1,Mid
14794.0,1,Mid
14795.0,0,Low
14796.0,2,High
14798.0,0,Low
14800.0,1,Mid
14803.0,0,Low
14805.0,1,Mid
14808.0,2,High
14810.0,0,Low
14813.0,0,Low
14816.0,0,Low
14817.0,0,Low
14818.0,0,Low
14819.0,0,Low
14820.0,1,Mid
14821.0,0,Low
14823.0,0,Low
14824.0,1,Mid
14825.0,1,Mid
14828.0,0,Low
14829.0,0,Low
14834.0,2,High
14837.0,1,Mid
14840.0,0,Low
14841.0,2,High
14842.0,1,Mid
14844.0,2,High
14847.0,0,Low
14849.0,2,High
14850.0,0,Low
14851.0,0,Low
14852.0,1,Mid
14853.0,0,Low
14854.0,2,High
14855.0,0,Low
14857.0,1,Mid
14859.0,2,High
14862.0,1,Mid
14865.0,0,Low
14866.0,2,High
14867.0,0,Low
14868.0,0,Low
14869.0,0,Low
14870.0,0,Low
14871.0,0,Low
14873.0,0,Low
14875.0,0,Low
14878.0,1,Mid
14880.0,0,Low
14883.0,0,Low
14885.0,0,Low
14886.0,0,Low
14888.0,0,Low
14889.0,0,Low
14890.0,0,Low
14891.0,0,Low
14895.0,2,High
14896.0,0,Low
14897.0,2,High
14898.0,0,Low
14901.0,1,Mid
14903.0,1,Mid
14905.0,0,Low
14907.0,1,Mid
14911.0,2,High
14912.0,0,Low
14913.0,0,Low
14915.0,0,Low
14916.0,0,Low
14918.0,2,High
14920.0,0,Low
14921.0,1,Mid
14924.0,0,Low
14930.0,0,Low
14931.0,0,Low
14932.0,0,Low
14934.0,0,Low
14935.0,0,Low
14936.0,2,High
14937.0,1,Mid
14944.0,2,High
14947.0,0,Low
14948.0,1,Mid
14952.0,2,High
14957.0,0,Low
14958.0,0,Low
14959.0,0,Low
14960.0,0,Low
14961.0,2,High
14962.0,0,Low
14963.0,2,High
14964.0,0,Low
14965.0,0,Low
14970.0,1,Mid
14972.0,0,Low
14973.0,0,Low
14976.0,0,Low
14978.0,1,Mid
14981.0,0,Low
14984.0,0,Low
14985.0,0,Low
14987.0,0,Low
14988.0,0,Low
14995.0,0,Low
14997.0,1,Mid
14998.0,0,Low
15002.0,0,Low
15004.0,0,Low
15005.0,2,High
15007.0,0,Low
15012.0,0,Low
15014.0,0,Low
15016.0,0,Low
15018.0,0,Low
15019.0,0,Low
15021.0,1,Mid
15023.0,2,High
15024.0,1,Mid
15026.0,0,Low
15027.0,0,Low
15028.0,1,Mid
15030.0,1,Mid
15031.0,1,Mid
15032.0,0,Low
15033.0,2,High
15034.0,2,High
15036.0,0,Low
15038.0,0,Low
15039.0,2,High
15041.0,0,Low
15042.0,0,Low
15044.0,2,High
15045.0,0,Low
15046.0,2,High
15047.0,0,Low
15048.0,0,Low
15049.0,0,Low
15051.0,2,High
15052.0,0,Low
15053.0,0,Low
15057.0,0,Low
15058.0,1,Mid
15059.0,0,Low
15061.0,2,High
15062.0,0,Low
15063.0,0,Low
15065.0,0,Low
15067.0,1,Mid
15068.0,0,Low
15069.0,0,Low
15070.0,0,Low
15071.0,0,Low
15073.0,0,Low
15074.0,0,Low
15076.0,0,Low
15078.0,2,High
15079.0,0,Low
15081.0,0,Low
15083.0,0,Low
15087.0,0,Low
15089.0,1,Mid
15090.0,0,Low
15092.0,0,Low
15093.0,1,Mid
15095.0,0,Low
15098.0,0,Low
15100.0,0,Low
15101.0,0,Low
15104.0,0,Low
15105.0,2,High
15106.0,0,Low
15107.0,0,Low
15108.0,0,Low
15109.0,0,Low
15110.0,1,Mid
15111.0,2,High
15114.0,1,Mid
15116.0,0,Low
15117.0,0,Low
15118.0,0,Low
15119.0,0,Low
15120.0,0,Low
15121.0,0,Low
15122.0,0,Low
15123.0,0,Low
15124.0,0,Low
15125.0,1,Mid
15128.0,0,Low
15129.0,1,Mid
15130.0,0,Low
15132.0,0,Low
15133.0,0,Low
15134.0,1,Mid
15135.0,0,Low
15136.0,1,Mid
15139.0,0,Low
15140.0,1,Mid
15143.0,0,Low
15144.0,2,High
15145.0,1,Mid
15146.0,1,Mid
15147.0,0,Low
15149.0,0,Low
15150.0,2,High
15152.0,2,High
15157.0,0,Low
15159.0,2,High
15160.0,0,Low
15163.0,0,Low
15164.0,0,Low
15165.0,0,Low
15167.0,0,Low
15171.0,0,Low
15172.0,1,Mid
15174.0,0,Low
15178.0,0,Low
15179.0,1,Mid
15180.0,0,Low
15181.0,0,Low
15182.0,0,Low
15184.0,0,Low
15186.0,0,Low
15187.0,0,Low
15189.0,2,High
15192.0,0,Low
15194.0,2,High
15197.0,0,Low
15198.0,0,Low
15199.0,0,Low
15201.0,0,Low
15203.0,1,Mid
15204.0,0,Low
15205.0,0,Low
15206.0,0,Low
15208.0,1,Mid
15210.0,0,Low
15211.0,1,Mid
15212.0,0,Low
15213.0,0,Low
15214.0,2,High
15215.0,0,Low
15218.0,2,High
15219.0,0,Low
15220.0,1,Mid
15221.0,0,Low
15222.0,0,Low
15223.0,0,Low
15224.0,0,Low
15225.0,0,Low
15226.0,0,Low
15227.0,0,Low
15228.0,2,High
15230.0,0,Low
15232.0,0,Low
15234.0,0,Low
15235.0,0,Low
15236.0,0,Low
15237.0,0,Low
15238.0,0,Low
15240.0,1,Mid
15241.0,1,Mid
15244.0,0,Low
15245.0,0,Low
15246.0,0,Low
15247.0,0,Low
15249.0,2,High
15251.0,1,Mid
15252.0,1,Mid
15253.0,1,Mid
15254.0,0,Low
15256.0,0,Low
15257.0,0,Low
15258.0,0,Low
15260.0,0,Low
15261.0,0,Low
15262.0,0,Low
15263.0,0,Low
15265.0,0,Low
15266.0,0,Low
15267.0,0,Low
15270.0,1,Mid
15271.0,1,Mid
15279.0,0,Low
15280.0,0,Low
15281.0,0,Low
15288.0,0,Low
15289.0,0,Low
15290.0,2,High
15291.0,2,High
15292.0,0,Low
15296.0,2,High
15298.0,2,High
15299.0,2,High
15301.0,2,High
15303.0,0,Low
15304.0,0,Low
15306.0,0,Low
15307.0,0,Low
15308.0,0,Low
15311.0,2,High
15312.0,0,Low
15313.0,0,Low
15314.0,0,Low
15315.0,0,Low
15316.0,0,Low
15319.0,0,Low
15321.0,2,High
15325.0,0,Low
15326.0,0,Low
15329.0,0,Low
15332.0,0,Low
15333.0,0,Low
15334.0,0,Low
15339.0,0,Low
15342.0,0,Low
15346.0,0,Low
15347.0,0,Low
15349.0,0,Low
15350.0,0,Low
15351.0,2,High
15353.0,0,Low
15356.0,1,Mid
15358.0,2,High
15361.0,0,Low
15363.0,0,Low
15364.0,0,Low
15365.0,1,Mid
15366.0,1,Mid
15367.0,1,Mid
15370.0,1,Mid
15372.0,0,Low
15373.0,1,Mid
15374.0,0,Low
15376.0,0,Low
15379.0,0,Low
15380.0,2,High
15381.0,0,Low
15382.0,2,High
15384.0,0,Low
15386.0,0,Low
15388.0,0,Low
15389.0,0,Low
15392.0,0,Low
15393.0,0,Low
15394.0,1,Mid
15395.0,0,Low
15396.0,0,Low
15397.0,0,Low
15400.0,0,Low
15402.0,0,Low
15405.0,0,Low
15406.0,0,Low
15407.0,0,Low
15408.0,0,Low
15410.0,1,Mid
15411.0,0,Low
15412.0,0,Low
15414.0,0,Low
15415.0,0,Low
15416.0,1,Mid
15421.0,0,Low
15422.0,0,Low
15424.0,0,Low
15426.0,1,Mid
15433.0,0,Low
15434.0,1,Mid
15436.0,0,Low
15437.0,0,Low
15438.0,0,Low
15440.0,0,Low
15442.0,0,Low
15443.0,2,High
15445.0,0,Low
15447.0,0,Low
15448.0,0,Low
15449.0,0,Low
15452.0,0,Low
15453.0,0,Low
15454.0,0,Low
15456.0,0,Low
15457.0,0,Low
15460.0,0,Low
15462.0,0,Low
15464.0,0,Low
15465.0,2,High
15467.0,0,Low
15469.0,0,Low
15472.0,0,Low
15480.0,0,Low
15482.0,2,High
15483.0,0,Low
15485.0,2,High
15488.0,0,Low
15489.0,1,Mid
15491.0,0,Low
15493.0,1,Mid
15494.0,0,Low
15497.0,0,Low
15498.0,2,High
15502.0,2,High
15503.0,0,Low
15505.0,2,High
15506.0,1,Mid
15507.0,0,Low
15508.0,0,Low
15510.0,0,Low
15512.0,0,Low
15513.0,2,High
15514.0,2,High
15517.0,0,Low
15518.0,0,Low
15521.0,1,Mid
15525.0,1,Mid
15527.0,2,High
15528.0,0,Low
15529.0,2,High
15530.0,0,Low
15532.0,0,Low
15535.0,0,Low
15537.0,0,Low
15541.0,0,Low
15543.0,0,Low
15544.0,1,Mid
15545.0,0,Low
15547.0,2,High
15549.0,2,High
15550.0,0,Low
15552.0,0,Low
15554.0,0,Low
15555.0,2,High
15561.0,0,Low
15562.0,0,Low
15563.0,0,Low
15569.0,0,Low
15570.0,2,High
15572.0,2,High
15574.0,0,Low
15577.0,0,Low
15578.0,0,Low
15579.0,0,Low
15581.0,2,High
15582.0,0,Low
15584.0,1,Mid
15585.0,0,Low
15587.0,1,Mid
15589.0,0,Low
15594.0,2,High
15596.0,0,Low
15599.0,0,Low
15601.0,2,High
15602.0,1,Mid
15605.0,1,Mid
15606.0,0,Low
15607.0,0,Low
15608.0,1,Mid
15609.0,0,Low
15611.0,1,Mid
15615.0,2,High
15618.0,0,Low
15620.0,1,Mid
15622.0,0,Low
15623.0,0,Low
15624.0,0,Low
15625.0,2,High
15626.0,1,Mid
15628.0,2,High
15630.0,1,Mid
15632.0,1,Mid
15636.0,0,Low
15639.0,0,Low
15640.0,2,High
15641.0,0,Low
15643.0,0,Low
15644.0,0,Low
15646.0,0,Low
15648.0,0,Low
15649.0,0,Low
15651.0,1,Mid
15652.0,0,Low
15653.0,0,Low
15655.0,0,Low
15656.0,0,Low
15658.0,0,Low
15660.0,1,Mid
15661.0,0,Low
15663.0,0,Low
15665.0,0,Low
15668.0,0,Low
15669.0,0,Low
15670.0,0,Low
15671.0,1,Mid
15673.0,1,Mid
15674.0,2,High
15675.0,0,Low
15676.0,2,High
15679.0,1,Mid
15680.0,1,Mid
15681.0,0,Low
15683.0,0,Low
15687.0,2,High
15689.0,0,Low
15690.0,0,Low
15691.0,0,Low
15694.0,2,High
15695.0,0,Low
15696.0,0,Low
15700.0,0,Low
15701.0,1,Mid
15703.0,0,Low
15704.0,0,Low
15705.0,0,Low
15706.0,1,Mid
15708.0,2,High
15709.0,0,Low
15712.0,0,Low
15713.0,0,Low
15716.0,2,High
15717.0,0,Low
15719.0,2,High
15722.0,1,Mid
15723.0,0,Low
15724.0,0,Low
15727.0,1,Mid
15729.0,0,Low
15730.0,0,Low
15732.0,0,Low
15733.0,0,Low
15734.0,0,Low
15737.0,0,Low
15738.0,2,High
15743.0,0,Low
15745.0,1,Mid
15746.0,0,Low
15747.0,1,Mid
15749.0,0,Low
15750.0,2,High
15752.0,1,Mid
15753.0,0,Low
15754.0,1,Mid
15755.0,1,Mid
15756.0,0,Low
15757.0,1,Mid
15759.0,0,Low
15764.0,0,Low
15768.0,0,Low
15769.0,2,High
15775.0,0,Low
15776.0,0,Low
15777.0,0,Low
15780.0,0,Low
15781.0,0,Low
15785.0,1,Mid
15786.0,2,High
15789.0,0,Low
15791.0,1,Mid
15793.0,0,Low
15795.0,0,Low
15796.0,1,Mid
15797.0,0,Low
15799.0,0,Low
15800.0,0,Low
15801.0,1,Mid
15802.0,0,Low
15804.0,2,High
15805.0,2,High
15806.0,0,Low
15808.0,0,Low
15809.0,0,Low
15810.0,0,Low
15811.0,1,Mid
15812.0,0,Low
15813.0,0,Low
15815.0,2,High
15819.0,0,Low
15820.0,0,Low
15822.0,1,Mid
15823.0,0,Low
15825.0,0,Low
15826.0,2,High
15827.0,0,Low
15829.0,0,Low
15831.0,0,Low
15832.0,0,Low
15834.0,1,Mid
15835.0,0,Low
15838.0,2,High
15839.0,0,Low
15840.0,0,Low
15841.0,1,Mid
15843.0,0,Low
15845.0,2,High
15847.0,0,Low
15850.0,0,Low
15852.0,0,Low
15854.0,1,Mid
15855.0,0,Low
15856.0,2,High
15858.0,1,Mid
15860.0,0,Low
15861.0,2,High
15862.0,0,Low
15863.0,0,Low
15864.0,0,Low
15865.0,1,Mid
15866.0,0,Low
15867.0,2,High
15869.0,0,Low
15874.0,2,High
15880.0,0,Low
15881.0,0,Low
15882.0,0,Low
15885.0,0,Low
15889.0,0,Low
15891.0,0,Low
15894.0,0,Low
15895.0,0,Low
15897.0,0,Low
15898.0,1,Mid
15899.0,0,Low
15901.0,0,Low
15903.0,2,High
15906.0,1,Mid
15907.0,1,Mid
15909.0,0,Low
15910.0,1,Mid
15912.0,0,Low
15916.0,1,Mid
15917.0,0,Low
15918.0,0,Low
15919.0,1,Mid
15920.0,0,Low
15921.0,0,Low
15922.0,0,Low
15923.0,0,Low
15925.0,0,Low
15932.0,1,Mid
15935.0,0,Low
15938.0,0,Low
15939.0,0,Low
15940.0,0,Low
15942.0,0,Low
15944.0,0,Low
15945.0,0,Low
15950.0,1,Mid
15951.0,0,Low
15952.0,1,Mid
15953.0,1,Mid
15955.0,2,High
15965.0,1,Mid
15967.0,0,Low
15969.0,0,Low
15970.0,0,Low
15971.0,2,High
15973.0,0,Low
15974.0,2,High
15976.0,0,Low
15980.0,2,High
15981.0,2,High
15983.0,0,Low
15984.0,2,High
15985.0,0,Low
15987.0,0,Low
15990.0,1,Mid
15996.0,0,Low
15998.0,1,Mid
16003.0,2,High
16005.0,0,Low
16006.0,0,Low
16007.0,0,Low
16008.0,0,Low
16009.0,1,Mid
16010.0,0,Low
16011.0,2,High
16012.0,0,Low
16013.0,2,High
16014.0,0,Low
16016.0,1,Mid
16018.0,0,Low
16019.0,1,Mid
16022.0,0,Low
16023.0,0,Low
16027.0,0,Low
16029.0,2,High
16030.0,0,Low
16031.0,0,Low
16033.0,2,High
16034.0,0,Low
16036.0,1,Mid
16037.0,0,Low
16038.0,0,Low
16040.0,1,Mid
16041.0,1,Mid
16042.0,1,Mid
16043.0,0,Low
16045.0,0,Low
16048.0,0,Low
16050.0,0,Low
16053.0,1,Mid
16054.0,0,Low
16055.0,0,Low
16057.0,1,Mid
16059.0,1,Mid
16062.0,0,Low
16063.0,0,Low
16065.0,0,Low
16066.0,2,High
16072.0,0,Low
16073.0,0,Low
16076.0,1,Mid
16078.0,0,Low
16080.0,0,Low
16081.0,2,High
16083.0,0,Low
16084.0,0,Low
16085.0,1,Mid
16086.0,0,Low
16091.0,0,Low
16092.0,0,Low
16093.0,0,Low
16094.0,0,Low
16096.0,0,Low
16097.0,0,Low
16098.0,0,Low
16099.0,0,Low
16102.0,1,Mid
16103.0,0,Low
16105.0,0,Low
16107.0,2,High
16109.0,0,Low
16110.0,0,Low
16112.0,0,Low
16113.0,0,Low
16114.0,0,Low
16115.0,1,Mid
16116.0,0,Low
16117.0,0,Low
16121.0,0,Low
16122.0,0,Low
16124.0,0,Low
16125.0,0,Low
16126.0,2,High
16128.0,2,High
16131.0,2,High
16133.0,2,High
16134.0,0,Low
16135.0,0,Low
16136.0,1,Mid
16139.0,0,Low
16140.0,1,Mid
16142.0,0,Low
16143.0,1,Mid
16144.0,0,Low
16145.0,2,High
16146.0,0,Low
16147.0,0,Low
16148.0,0,Low
16149.0,0,Low
16150.0,1,Mid
16152.0,0,Low
16153.0,1,Mid
16156.0,2,High
16159.0,0,Low
16161.0,2,High
16162.0,0,Low
16163.0,0,Low
16168.0,2,High
16170.0,0,Low
16172.0,0,Low
16173.0,0,Low
16174.0,0,Low
16175.0,0,Low
16178.0,0,Low
16180.0,0,Low
16182.0,2,High
16184.0,0,Low
16185.0,0,Low
16186.0,2,High
16187.0,2,High
16188.0,0,Low
16191.0,0,Low
16193.0,0,Low
16200.0,1,Mid
16201.0,2,High
16202.0,0,Low
16203.0,0,Low
16205.0,1,Mid
16206.0,0,Low
16208.0,0,Low
16209.0,0,Low
16210.0,2,High
16212.0,0,Low
16214.0,0,Low
16216.0,0,Low
16217.0,0,Low
16218.0,1,Mid
16221.0,1,Mid
16222.0,0,Low
16224.0,1,Mid
16225.0,0,Low
16226.0,0,Low
16227.0,0,Low
16229.0,1,Mid
16230.0,0,Low
16232.0,0,Low
16233.0,0,Low
16235.0,0,Low
16239.0,0,Low
16241.0,1,Mid
16242.0,2,High
16244.0,0,Low
16245.0,1,Mid
16247.0,0,Low
16249.0,0,Low
16250.0,0,Low
16253.0,2,High
16255.0,1,Mid
16256.0,0,Low
16257.0,0,Low
16258.0,2,High
16261.0,0,Low
16265.0,2,High
16266.0,0,Low
16270.0,1,Mid
16271.0,1,Mid
16272.0,0,Low
16274.0,0,Low
16275.0,0,Low
16276.0,0,Low
16278.0,0,Low
16279.0,2,High
16282.0,0,Low
16283.0,2,High
16287.0,0,Low
16292.0,0,Low
16293.0,1,Mid
16297.0,0,Low
16298.0,1,Mid
16302.0,0,Low
16303.0,2,High
16305.0,0,Low
16306.0,0,Low
16308.0,2,High
16309.0,0,Low
16315.0,0,Low
16316.0,1,Mid
16317.0,0,Low
16319.0,0,Low
16320.0,0,Low
16321.0,0,Low
16323.0,0,Low
16324.0,0,Low
16325.0,0,Low
16326.0,2,High
16327.0,2,High
16330.0,0,Low
16332.0,2,High
16333.0,2,High
16338.0,0,Low
16339.0,0,Low
16340.0,0,Low
16341.0,1,Mid
16342.0,0,Low
16344.0,0,Low
16348.0,1,Mid
16349.0,0,Low
16350.0,1,Mid
16351.0,0,Low
16353.0,2,High
16356.0,0,Low
16357.0,0,Low
16358.0,2,High
16359.0,0,Low
16362.0,0,Low
16364.0,0,Low
16365.0,0,Low
16367.0,1,Mid
16369.0,2,High
16370.0,1,Mid
16374.0,0,Low
16377.0,0,Low
16378.0,0,Low
16383.0,0,Low
16384.0,0,Low
16385.0,0,Low
16386.0,0,Low
16387.0,0,Low
16389.0,1,Mid
16392.0,0,Low
16393.0,2,High
16394.0,1,Mid
16395.0,0,Low
16398.0,2,High
16399.0,0,Low
16400.0,0,Low
16401.0,2,High
16402.0,0,Low
16403.0,0,Low
16405.0,0,Low
16407.0,1,Mid
16409.0,2,High
16411.0,0,Low
16414.0,0,Low
16418.0,0,Low
16419.0,0,Low
16422.0,2,High
16424.0,0,Low
16425.0,0,Low
16426.0,2,High
16427.0,0,Low
16429.0,0,Low
16431.0,0,Low
16434.0,1,Mid
16440.0,2,High
16441.0,0,Low
16442.0,0,Low
16444.0,0,Low
16446.0,0,Low
16447.0,0,Low
16448.0,0,Low
16449.0,0,Low
16450.0,0,Low
16455.0,1,Mid
16456.0,0,Low
16457.0,0,Low
16458.0,2,High
16461.0,0,Low
16462.0,0,Low
16463.0,0,Low
16464.0,2,High
16466.0,0,Low
16469.0,1,Mid
16470.0,0,Low
16471.0,0,Low
16473.0,0,Low
16474.0,0,Low
16475.0,0,Low
16477.0,1,Mid
16483.0,0,Low
16484.0,0,Low
16488.0,0,Low
16493.0,1,Mid
16494.0,0,Low
16495.0,1,Mid
16496.0,1,Mid
16497.0,2,High
16498.0,0,Low
16499.0,0,Low
16500.0,0,Low
16503.0,0,Low
16509.0,0,Low
16510.0,0,Low
16511.0,1,Mid
16515.0,0,Low
16517.0,0,Low
16518.0,0,Low
16519.0,0,Low
16520.0,0,Low
16523.0,2,High
16525.0,2,High
16526.0,0,Low
16529.0,0,Low
16531.0,1,Mid
16532.0,0,Low
16536.0,0,Low
16539.0,0,Low
16545.0,0,Low
16546.0,0,Low
16549.0,1,Mid
16550.0,1,Mid
16551.0,0,Low
16552.0,0,Low
16553.0,0,Low
16554.0,1,Mid
16555.0,0,Low
16556.0,1,Mid
16557.0,0,Low
16558.0,2,High
16560.0,0,Low
16565.0,0,Low
16566.0,0,Low
16567.0,0,Low
16570.0,2,High
16571.0,1,Mid
16572.0,0,Low
16573.0,0,Low
16581.0,0,Low
16582.0,0,Low
16583.0,0,Low
16584.0,0,Low
16586.0,0,Low
16587.0,0,Low
16589.0,0,Low
16592.0,2,High
16593.0,0,Low
16596.0,0,Low
16598.0,0,Low
16600.0,1,Mid
16603.0,0,Low
16607.0,2,High
16609.0,2,High
16610.0,0,Low
16611.0,0,Low
16612.0,1,Mid
16614.0,0,Low
16616.0,0,Low
16617.0,0,Low
16618.0,2,High
16619.0,0,Low
16620.0,0,Low
16621.0,0,Low
16623.0,0,Low
16624.0,0,Low
16625.0,0,Low
16626.0,2,High
16628.0,1,Mid
16629.0,0,Low
16633.0,2,High
16634.0,0,Low
16637.0,1,Mid
16638.0,0,Low
16639.0,1,Mid
16641.0,0,Low
16642.0,1,Mid
16643.0,0,Low
16644.0,0,Low
16647.0,0,Low
16652.0,2,High
16654.0,0,Low
16655.0,2,High
16656.0,2,High
16657.0,1,Mid
16658.0,0,Low
16659.0,0,Low
16660.0,1,Mid
16665.0,0,Low
16667.0,1,Mid
16668.0,0,Low
16670.0,1,Mid
16671.0,0,Low
16672.0,2,High
16674.0,0,Low
16676.0,1,Mid
16678.0,1,Mid
16679.0,0,Low
16681.0,0,Low
16682.0,0,Low
16684.0,2,High
16686.0,1,Mid
16690.0,0,Low
16692.0,0,Low
16693.0,0,Low
16696.0,0,Low
16697.0,0,Low
16698.0,0,Low
16700.0,2,High
16701.0,2,High
16705.0,2,High
16706.0,0,Low
16709.0,2,High
16710.0,1,Mid
16711.0,1,Mid
16712.0,2,High
16713.0,2,High
16714.0,0,Low
16716.0,0,Low
16717.0,2,High
16718.0,0,Low
16719.0,1,Mid
16721.0,0,Low
16722.0,2,High
16723.0,0,Low
16725.0,0,Low
16726.0,1,Mid
16727.0,0,Low
16728.0,1,Mid
16729.0,2,High
16730.0,0,Low
16734.0,0,Low
16735.0,0,Low
16738.0,0,Low
16739.0,1,Mid
16743.0,0,Low
16744.0,0,Low
16745.0,1,Mid
16746.0,2,High
16748.0,1,Mid
16750.0,0,Low
16752.0,0,Low
16754.0,0,Low
16755.0,0,Low
16756.0,0,Low
16757.0,0,Low
16761.0,0,Low
16762.0,2,High
16763.0,0,Low
16764.0,2,High
16765.0,0,Low
16766.0,0,Low
16767.0,1,Mid
16768.0,0,Low
16769.0,0,Low
16770.0,0,Low
16771.0,1,Mid
16774.0,0,Low
16775.0,1,Mid
16777.0,0,Low
16778.0,0,Low
16779.0,2,High
16780.0,0,Low
16781.0,0,Low
16782.0,1,Mid
16788.0,0,Low
16791.0,0,Low
16792.0,0,Low
16794.0,1,Mid
16795.0,0,Low
16801.0,0,Low
16804.0,1,Mid
16805.0,0,Low
16806.0,0,Low
16807.0,0,Low
16808.0,0,Low
16809.0,0,Low
16810.0,0,Low
16812.0,0,Low
16813.0,1,Mid
16814.0,2,High
16816.0,0,Low
16817.0,0,Low
16818.0,1,Mid
16820.0,0,Low
16823.0,0,Low
16824.0,0,Low
16825.0,1,Mid
16828.0,0,Low
16829.0,0,Low
16832.0,0,Low
16833.0,1,Mid
16834.0,0,Low
16835.0,0,Low
16836.0,0,Low
16837.0,2,High
16838.0,0,Low
16839.0,2,High
16841.0,0,Low
16842.0,0,Low
16843.0,2,High
16849.0,0,Low
16850.0,0,Low
16852.0,0,Low
16858.0,2,High
16859.0,0,Low
16861.0,0,Low
16863.0,0,Low
16866.0,0,Low
16869.0,0,Low
16871.0,2,High
16872.0,0,Low
16873.0,2,High
16875.0,2,High
16877.0,1,Mid
16880.0,1,Mid
16882.0,1,Mid
16883.0,0,Low
16885.0,0,Low
16889.0,0,Low
16891.0,0,Low
16892.0,1,Mid
16893.0,0,Low
16897.0,0,Low
16898.0,0,Low
16899.0,1,Mid
16902.0,0,Low
16904.0,1,Mid
16905.0,0,Low
16906.0,0,Low
16907.0,0,Low
16910.0,2,High
16912.0,2,High
16913.0,0,Low
16915.0,0,Low
16916.0,1,Mid
16917.0,0,Low
16918.0,0,Low
16919.0,0,Low
16923.0,2,High
16926.0,0,Low
16927.0,0,Low
16928.0,2,High
16929.0,1,Mid
16931.0,2,High
16933.0,0,Low
16938.0,0,Low
16940.0,2,High
16942.0,0,Low
16943.0,0,Low
16945.0,2,High
16947.0,0,Low
16948.0,0,Low
16949.0,1,Mid
16950.0,1,Mid
16951.0,0,Low
16952.0,0,Low
16954.0,1,Mid
16955.0,0,Low
16957.0,0,Low
16960.0,0,Low
16961.0,0,Low
16963.0,0,Low
16965.0,0,Low
16966.0,0,Low
16967.0,0,Low
16968.0,0,Low
16969.0,0,Low
16976.0,0,Low
16979.0,2,High
16980.0,0,Low
16983.0,1,Mid
16984.0,2,High
16985.0,2,High
16987.0,2,High
16989.0,0,Low
16990.0,0,Low
16992.0,1,Mid
16996.0,1,Mid
16997.0,0,Low
16998.0,0,Low
17001.0,1,Mid
17002.0,1,Mid
17004.0,1,Mid
17007.0,0,Low
17015.0,2,High
17017.0,2,High
17018.0,1,Mid
17019.0,0,Low
17024.0,0,Low
17025.0,0,Low
17026.0,0,Low
17027.0,0,Low
17029.0,0,Low
17031.0,0,Low
17033.0,1,Mid
17034.0,1,Mid
17035.0,0,Low
17040.0,0,Low
17041.0,0,Low
17042.0,0,Low
17043.0,2,High
17045.0,0,Low
17046.0,0,Low
17047.0,0,Low
17048.0,0,Low
17049.0,2,High
17050.0,0,Low
17051.0,0,Low
17053.0,0,Low
17054.0,0,Low
17058.0,1,Mid
17059.0,1,Mid
17060.0,0,Low
17061.0,1,Mid
17062.0,0,Low
17063.0,1,Mid
17064.0,1,Mid
17068.0,2,High
17069.0,2,High
17070.0,0,Low
17071.0,2,High
17073.0,2,High
17075.0,0,Low
17076.0,1,Mid
17080.0,0,Low
17082.0,0,Low
17083.0,0,Low
17085.0,0,Low
17088.0,1,Mid
17090.0,0,Low
17091.0,2,High
17092.0,2,High
17094.0,0,Low
17095.0,1,Mid
17096.0,0,Low
17097.0,0,Low
17101.0,0,Low
17102.0,0,Low
17105.0,0,Low
17107.0,2,High
17109.0,1,Mid
17110.0,0,Low
17114.0,0,Low
17115.0,0,Low
17117.0,0,Low
17118.0,0,Low
17120.0,0,Low
17122.0,0,Low
17123.0,0,Low
17124.0,0,Low
17126.0,0,Low
17128.0,0,Low
17133.0,0,Low
17134.0,0,Low
17135.0,1,Mid
17138.0,0,Low
17139.0,2,High
17140.0,0,Low
17142.0,0,Low
17146.0,0,Low
17147.0,1,Mid
17152.0,1,Mid
17155.0,0,Low
17157.0,0,Low
17158.0,1,Mid
17159.0,0,Low
17160.0,2,High
17162.0,0,Low
17164.0,2,High
17165.0,0,Low
17166.0,0,Low
17169.0,1,Mid
17171.0,0,Low
17173.0,2,High
17174.0,0,Low
17175.0,0,Low
17176.0,0,Low
17179.0,0,Low
17180.0,0,Low
17181.0,0,Low
17183.0,2,High
17187.0,0,Low
17188.0,1,Mid
17189.0,0,Low
17190.0,0,Low
17191.0,1,Mid
17193.0,0,Low
17194.0,0,Low
17198.0,0,Low
17204.0,0,Low
17211.0,1,Mid
17212.0,0,Low
17213.0,2,High
17214.0,1,Mid
17217.0,0,Low
17218.0,2,High
17220.0,1,Mid
17223.0,0,Low
17226.0,0,Low
17227.0,1,Mid
17228.0,0,Low
17229.0,0,Low
17230.0,0,Low
17231.0,2,High
17234.0,0,Low
17235.0,0,Low
17236.0,0,Low
17238.0,2,High
17239.0,0,Low
17242.0,0,Low
17243.0,2,High
17245.0,0,Low
17248.0,0,Low
17250.0,0,Low
17251.0,0,Low
17252.0,0,Low
17255.0,0,Low
17256.0,0,Low
17259.0,0,Low
17262.0,0,Low
17263.0,0,Low
17265.0,0,Low
17266.0,0,Low
17267.0,0,Low
17268.0,0,Low
17272.0,1,Mid
17277.0,0,Low
17278.0,0,Low
17282.0,0,Low
17284.0,0,Low
17287.0,0,Low
17288.0,1,Mid
17289.0,0,Low
17291.0,0,Low
17293.0,2,High
17298.0,0,Low
17299.0,1,Mid
17302.0,0,Low
17303.0,0,Low
17306.0,2,High
17309.0,0,Low
17311.0,0,Low
17312.0,0,Low
17314.0,2,High
17315.0,2,High
17320.0,0,Low
17323.0,1,Mid
17324.0,0,Low
17325.0,0,Low
17329.0,0,Low
17331.0,0,Low
17334.0,0,Low
17337.0,0,Low
17338.0,2,High
17339.0,0,Low
17340.0,2,High
17341.0,0,Low
17343.0,0,Low
17345.0,0,Low
17346.0,2,High
17348.0,0,Low
17349.0,0,Low
17351.0,0,Low
17353.0,0,Low
17356.0,0,Low
17358.0,0,Low
17360.0,0,Low
17361.0,0,Low
17362.0,0,Low
17364.0,2,High
17365.0,2,High
17367.0,0,Low
17368.0,0,Low
17370.0,0,Low
17371.0,0,Low
17372.0,0,Low
17373.0,0,Low
17374.0,0,Low
17375.0,0,Low
17376.0,0,Low
17377.0,2,High
17381.0,2,High
17384.0,0,Low
17386.0,0,Low
17388.0,0,Low
17389.0,2,High
17391.0,0,Low
17392.0,0,Low
17394.0,0,Low
17396.0,2,High
17398.0,0,Low
17400.0,1,Mid
17402.0,1,Mid
17404.0,2,High
17405.0,1,Mid
17406.0,0,Low
17408.0,0,Low
17409.0,0,Low
17410.0,1,Mid
17411.0,1,Mid
17412.0,1,Mid
17414.0,0,Low
17416.0,2,High
17418.0,0,Low
17419.0,2,High
17420.0,0,Low
17422.0,0,Low
17423.0,0,Low
17426.0,1,Mid
17428.0,2,High
17429.0,0,Low
17430.0,0,Low
17431.0,0,Low
17436.0,0,Low
17438.0,0,Low
17440.0,0,Low
17442.0,0,Low
17443.0,0,Low
17444.0,0,Low
17446.0,0,Low
17449.0,2,High
17450.0,2,High
17451.0,0,Low
17454.0,0,Low
17455.0,0,Low
17456.0,0,Low
17457.0,0,Low
17460.0,0,Low
17462.0,0,Low
17463.0,1,Mid
17464.0,0,Low
17469.0,0,Low
17470.0,0,Low
17472.0,0,Low
17481.0,2,High
17483.0,0,Low
17486.0,0,Low
17489.0,0,Low
17490.0,2,High
17491.0,2,High
17492.0,0,Low
17496.0,0,Low
17499.0,0,Low
17501.0,0,Low
17504.0,0,Low
17505.0,0,Low
17507.0,0,Low
17508.0,0,Low
17511.0,2,High
17512.0,2,High
17514.0,0,Low
17515.0,0,Low
17516.0,0,Low
17517.0,0,Low
17519.0,0,Low
17521.0,1,Mid
17522.0,0,Low
17524.0,0,Low
17525.0,0,Low
17526.0,0,Low
17527.0,0,Low
17530.0,2,High
17531.0,0,Low
17535.0,0,Low
17536.0,0,Low
17537.0,0,Low
17540.0,0,Low
17542.0,0,Low
17548.0,0,Low
17550.0,0,Low
17551.0,0,Low
17552.0,0,Low
17553.0,0,Low
17554.0,1,Mid
17555.0,0,Low
17556.0,0,Low
17560.0,0,Low
17562.0,1,Mid
17567.0,2,High
17569.0,0,Low
17571.0,2,High
17572.0,0,Low
17573.0,0,Low
17574.0,0,Low
17576.0,2,High
17578.0,0,Low
17579.0,0,Low
17580.0,0,Low
17581.0,2,High
17582.0,0,Low
17584.0,0,Low
17585.0,0,Low
17588.0,0,Low
17589.0,2,High
17591.0,1,Mid
17593.0,0,Low
17594.0,0,Low
17596.0,2,High
17597.0,0,Low
17601.0,0,Low
17602.0,0,Low
17604.0,0,Low
17609.0,1,Mid
17611.0,2,High
17612.0,0,Low
17613.0,2,High
17615.0,0,Low
17616.0,0,Low
17618.0,0,Low
17619.0,0,Low
17621.0,1,Mid
17624.0,1,Mid
17625.0,1,Mid
17629.0,2,High
17630.0,0,Low
17631.0,0,Low
17633.0,1,Mid
17634.0,0,Low
17637.0,0,Low
17639.0,0,Low
17642.0,0,Low
17643.0,0,Low
17644.0,2,High
17646.0,0,Low
17648.0,1,Mid
17649.0,0,Low
17651.0,2,High
17652.0,2,High
17653.0,1,Mid
17654.0,0,Low
17655.0,0,Low
17656.0,1,Mid
17658.0,0,Low
17659.0,2,High
17660.0,0,Low
17663.0,1,Mid
17664.0,0,Low
17667.0,0,Low
17669.0,2,High
17670.0,0,Low
17671.0,1,Mid
17672.0,2,High
17673.0,1,Mid
17674.0,0,Low
17675.0,2,High
17676.0,1,Mid
17677.0,2,High
17678.0,0,Low
17682.0,0,Low
17685.0,0,Low
17686.0,2,High
17690.0,2,High
17691.0,0,Low
17692.0,0,Low
17693.0,0,Low
17694.0,0,Low
17695.0,0,Low
17696.0,1,Mid
17697.0,0,Low
17698.0,0,Low
17700.0,1,Mid
17701.0,0,Low
17702.0,1,Mid
17703.0,0,Low
17704.0,0,Low
17705.0,1,Mid
17706.0,2,High
17707.0,0,Low
17708.0,0,Low
17709.0,0,Low
17711.0,0,Low
17714.0,0,Low
17715.0,0,Low
17716.0,2,High
17718.0,0,Low
17719.0,2,High
17720.0,0,Low
17722.0,0,Low
17723.0,2,High
17724.0,1,Mid
17725.0,2,High
17730.0,2,High
17731.0,0,Low
17732.0,0,Low
17733.0,1,Mid
17734.0,0,Low
17735.0,2,High
17736.0,0,Low
17738.0,0,Low
17739.0,0,Low
17742.0,0,Low
17744.0,0,Low
17746.0,0,Low
17747.0,0,Low
17749.0,0,Low
17750.0,1,Mid
17752.0,0,Low
17754.0,2,High
17757.0,2,High
17758.0,2,High
17759.0,0,Low
17760.0,0,Low
17763.0,0,Low
17764.0,1,Mid
17765.0,0,Low
17768.0,2,High
17769.0,2,High
17770.0,0,Low
17771.0,0,Low
17774.0,0,Low
17775.0,0,Low
17777.0,0,Low
17779.0,0,Low
17781.0,0,Low
17783.0,0,Low
17786.0,0,Low
17787.0,0,Low
17788.0,0,Low
17789.0,0,Low
17790.0,1,Mid
17795.0,0,Low
17796.0,0,Low
17797.0,1,Mid
17799.0,1,Mid
17800.0,0,Low
17802.0,0,Low
17809.0,2,High
17811.0,2,High
17812.0,1,Mid
17816.0,0,Low
17817.0,0,Low
17819.0,2,High
17827.0,1,Mid
17828.0,1,Mid
17829.0,0,Low
17830.0,0,Low
17837.0,2,High
17838.0,1,Mid
17841.0,2,High
17843.0,0,Low
17844.0,0,Low
17848.0,0,Low
17849.0,0,Low
17850.0,0,Low
17854.0,0,Low
17855.0,0,Low
17856.0,0,Low
17857.0,2,High
17858.0,2,High
17859.0,0,Low
17860.0,0,Low
17861.0,1,Mid
17862.0,0,Low
17863.0,2,High
17864.0,1,Mid
17865.0,2,High
17866.0,0,Low
17867.0,0,Low
17869.0,0,Low
17870.0,0,Low
17871.0,0,Low
17873.0,2,High
17874.0,0,Low
17877.0,0,Low
17879.0,0,Low
17880.0,0,Low
17881.0,0,Low
17883.0,0,Low
17884.0,0,Low
17886.0,1,Mid
17887.0,0,Low
17888.0,0,Low
17889.0,0,Low
17890.0,0,Low
17891.0,0,Low
17892.0,0,Low
17893.0,0,Low
17894.0,0,Low
17897.0,0,Low
17898.0,0,Low
17899.0,0,Low
17900.0,0,Low
17905.0,0,Low
17906.0,0,Low
17908.0,0,Low
17912.0,0,Low
17913.0,0,Low
17917.0,0,Low
17920.0,2,High
17921.0,0,Low
17923.0,0,Low
17924.0,0,Low
17925.0,0,Low
17926.0,0,Low
17928.0,0,Low
17929.0,0,Low
17930.0,0,Low
17931.0,0,Low
17932.0,0,Low
17935.0,0,Low
17937.0,2,High
17939.0,0,Low
17940.0,0,Low
17941.0,0,Low
17946.0,0,Low
17948.0,0,Low
17949.0,2,High
17950.0,0,Low
17951.0,1,Mid
17954.0,1,Mid
17955.0,0,Low
17956.0,0,Low
17958.0,0,Low
17960.0,0,Low
17961.0,0,Low
17962.0,0,Low
17964.0,0,Low
17965.0,0,Low
17966.0,1,Mid
17967.0,0,Low
17968.0,0,Low
17969.0,0,Low
17970.0,0,Low
17972.0,0,Low
17974.0,1,Mid
17975.0,1,Mid
17976.0,0,Low
17978.0,0,Low
17979.0,0,Low
17980.0,0,Low
17984.0,0,Low
17987.0,0,Low
17988.0,0,Low
17990.0,0,Low
17991.0,0,Low
17994.0,0,Low
17995.0,0,Low
17997.0,0,Low
17999.0,0,Low
18004.0,0,Low
18008.0,0,Low
18009.0,0,Low
18010.0,0,Low
18011.0,0,Low
18013.0,0,Low
18016.0,2,High
18017.0,0,Low
18018.0,0,Low
18024.0,0,Low
18027.0,0,Low
18032.0,0,Low
18036.0,0,Low
18037.0,0,Low
18040.0,0,Low
18041.0,2,High
18043.0,0,Low
18044.0,0,Low
18048.0,0,Low
18050.0,0,Low
18055.0,2,High
18056.0,0,Low
18061.0,0,Low
18062.0,0,Low
18064.0,0,Low
18065.0,0,Low
18068.0,0,Low
18069.0,2,High
18071.0,0,Low
18072.0,0,Low
18073.0,0,Low
18074.0,0,Low
18075.0,1,Mid
18077.0,2,High
18078.0,0,Low
18079.0,2,High
18080.0,1,Mid
18081.0,0,Low
18085.0,0,Low
18086.0,0,Low
18087.0,0,Low
18092.0,2,High
18093.0,0,Low
18094.0,1,Mid
18095.0,0,Low
18097.0,1,Mid
18099.0,0,Low
18101.0,0,Low
18102.0,2,High
18106.0,0,Low
18108.0,0,Low
18109.0,2,High
18112.0,0,Low
18113.0,0,Low
18114.0,0,Low
18116.0,0,Low
18118.0,2,High
18119.0,0,Low
18120.0,0,Low
18121.0,0,Low
18122.0,2,High
18125.0,0,Low
18127.0,0,Low
18129.0,0,Low
18133.0,0,Low
18135.0,0,Low
18136.0,0,Low
18138.0,0,Low
18142.0,0,Low
18143.0,0,Low
18144.0,1,Mid
18145.0,1,Mid
18146.0,0,Low
18147.0,0,Low
18149.0,0,Low
18150.0,0,Low
18151.0,0,Low
18155.0,0,Low
18156.0,1,Mid
18159.0,0,Low
18160.0,0,Low
18161.0,1,Mid
18165.0,0,Low
18167.0,1,Mid
18168.0,1,Mid
18170.0,0,Low
18171.0,0,Low
18172.0,2,High
18173.0,1,Mid
18176.0,0,Low
18177.0,0,Low
18178.0,0,Low
18179.0,1,Mid
18180.0,2,High
18183.0,0,Low
18185.0,0,Low
18188.0,0,Low
18189.0,1,Mid
18190.0,0,Low
18191.0,0,Low
18193.0,0,Low
18196.0,0,Low
18198.0,1,Mid
18200.0,0,Low
18202.0,0,Low
18203.0,0,Low
18204.0,1,Mid
18210.0,2,High
18211.0,0,Low
18212.0,0,Low
18213.0,0,Low
18218.0,0,Low
18219.0,1,Mid
18220.0,0,Low
18221.0,0,Low
18222.0,0,Low
18223.0,2,High
18224.0,0,Low
18225.0,2,High
18226.0,2,High
18227.0,0,Low
18229.0,2,High
18230.0,0,Low
18231.0,0,Low
18232.0,0,Low
18233.0,0,Low
18235.0,2,High
18236.0,1,Mid
18237.0,0,Low
18239.0,0,Low
18241.0,1,Mid
18242.0,2,High
18245.0,1,Mid
18246.0,1,Mid
18248.0,0,Low
18250.0,0,Low
18252.0,1,Mid
18257.0,1,Mid
18259.0,2,High
18260.0,2,High
18261.0,0,Low
18262.0,0,Low
18263.0,1,Mid
18265.0,0,Low
18268.0,0,Low
18269.0,0,Low
18270.0,0,Low
18272.0,2,High
18273.0,0,Low
18280.0,0,Low
18281.0,0,Low
18282.0,0,Low
18283.0,2,High
18287.0,2,High
