CustomerID,Churn_Prob,Churn_Pred
12346.0,0.8174575760243574,0
12347.0,0.22914165015588345,0
12348.0,0.5062422067122159,0
12350.0,0.7230246333017942,0
12352.0,0.3984902904679407,0
12353.0,0.7562112082696167,0
12354.0,0.5849638392513913,0
12355.0,0.6851995551213099,0
12356.0,0.494133583559439,0
12358.0,0.6531129643430419,0
12359.0,0.32989359078665487,0
12360.0,0.39282803432282243,0
12361.0,0.7453560790571596,0
12362.0,0.26651546728251024,0
12363.0,0.4689380689493301,0
12364.0,0.5533419219627874,0
12365.0,0.6041743449970153,0
12370.0,0.3964930894822784,0
12372.0,0.5177557244242414,0
12373.0,0.7342633628548961,0
12375.0,0.6337947098681938,0
12377.0,0.541325201444067,0
12378.0,0.4052738979874372,0
12379.0,0.6308830332733567,0
12380.0,0.5956749953370318,0
12381.0,0.5057840627634252,0
12383.0,0.26050824680666634,0
12384.0,0.6294700755733407,0
12386.0,0.7098240501321084,0
12388.0,0.3201268157236041,0
12393.0,0.4795145030854765,0
12394.0,0.6570417904229557,0
12395.0,0.13958054026201208,0
12397.0,0.5071779015638211,0
12399.0,0.3098138487077897,0
12401.0,0.7915130272963606,0
12402.0,0.7566323888004864,0
12405.0,0.5326534844525062,0
12406.0,0.5646221829792002,0
12407.0,0.3143229540373975,0
12408.0,0.2726180674915396,0
12409.0,0.5304420585944967,0
12410.0,0.602512554888621,0
12412.0,0.46998833519607397,0
12413.0,0.5538149496552845,0
12414.0,0.5124341114188858,0
12415.0,0.021560022542259766,0
12417.0,0.13608778747744424,0
12418.0,0.5527478917800882,0
12421.0,0.40431279205034315,0
12422.0,0.3612425233914671,0
12423.0,0.15199302081155058,0
12424.0,0.4904253446882933,0
12426.0,0.614883316189465,0
12427.0,0.7817920176498822,0
12428.0,0.09802692482586364,0
12429.0,0.37117937972473186,0
12431.0,0.06734232869420204,0
12432.0,0.690333617068452,0
12433.0,0.2568719065645355,0
12434.0,0.7011646538313787,0
12435.0,0.6744796626622932,0
12436.0,0.6020972290008738,0
12437.0,0.07924558311754669,0
12438.0,0.5405705225219424,0
12441.0,0.7782016738504456,0
12444.0,0.369074256568105,0
12447.0,0.6560350741511938,0
12449.0,0.3047474624246932,0
12450.0,0.6139308689526819,0
12451.0,0.38169903446257564,0
12453.0,0.5486407049421,0
12455.0,0.24452842980177975,0
12456.0,0.384324843431493,0
12457.0,0.6151752677904054,0
12458.0,0.7003862773300941,0
12461.0,0.4319040427482579,0
12462.0,0.6579547149607567,0
12463.0,0.3993159389726483,0
12464.0,0.3050460269962942,0
12465.0,0.6120529759950406,0
12468.0,0.48731814204604146,0
12471.0,0.01618340073242463,0
12472.0,0.19239294932940024,0
12473.0,0.4015060406257783,0
12474.0,0.04339195060658211,0
12476.0,0.19447897541994746,0
12477.0,0.26215714084178815,0
12480.0,0.32284669081969736,0
12481.0,0.1411093099454961,0
12483.0,0.21852754640318417,0
12484.0,0.20359005443950687,0
12489.0,0.7434639961770148,0
12490.0,0.16889136404140342,0
12492.0,0.6558365037432847,0
12493.0,0.5369896814298265,0
12494.0,0.29175670670034576,0
12500.0,0.25026080503926673,0
12501.0,0.5735462004122472,0
12502.0,0.2022090029317835,0
12506.0,0.6723607100732436,0
12507.0,0.43608895527140695,0
12509.0,0.762915602474274,0
12510.0,0.464185156040005,0
12513.0,0.5513163904521992,0
12514.0,0.6167787960826359,0
12515.0,0.7473439651065259,0
12516.0,0.663977419408049,0
12517.0,0.3333615730149657,0
12518.0,0.6043191345238709,0
12520.0,0.271543950843199,0
12521.0,0.5645349502767479,0
12523.0,0.17809370309731143,0
12524.0,0.20316643685724312,0
12526.0,0.5552967313658347,0
12527.0,0.6582697002553118,0
12528.0,0.3049174187959133,0
12530.0,0.37182536620298823,0
12534.0,0.5130223876332821,0
12535.0,0.44395014879576333,0
12539.0,0.3855819219331007,0
12540.0,0.055125792560745214,0
12541.0,0.5042711533731135,0
12545.0,0.6447831339432454,0
12547.0,0.6223641363403166,0
12548.0,0.7258420465397231,0
12551.0,0.7790716560390413,0
12553.0,0.15718557484525914,0
12556.0,0.5411897958579723,0
12557.0,0.38969882410602624,0
12559.0,0.7196144709885904,0
12560.0,0.3865414702307221,0
12561.0,0.7247897764796213,0
12562.0,0.36179657347149885,0
12564.0,0.6809726702475867,0
12565.0,0.7531830636753861,0
12567.0,0.07469199549973196,0
12569.0,0.040805638485014166,0
12571.0,0.6307995249121912,0
12573.0,0.6551703492979671,0
12574.0,0.7529894637585963,0
12576.0,0.28534608127989114,0
12577.0,0.6655516612212401,0
12578.0,0.6285492510764115,0
12580.0,0.6642706701774175,0
12582.0,0.5797637873198045,0
12583.0,0.1063276594216362,0
12584.0,0.35208912884294435,0
12585.0,0.45464646734354836,0
12589.0,0.6714836266407461,0
12590.0,0.4460206528037587,0
12591.0,0.6984361163587607,0
12592.0,0.5117561915975942,0
12593.0,0.4482942553575861,0
12594.0,0.15477205795324217,0
12596.0,0.6957451995118717,0
12597.0,0.4325518834883176,0
12598.0,0.3369486675202032,0
12599.0,0.2548431602452057,0
12600.0,0.17122998532098946,0
12601.0,0.3507959642523465,0
12604.0,0.7327337549143088,0
12609.0,0.4738400922572965,0
12610.0,0.39437470489079196,0
12613.0,0.3407221808374828,0
12614.0,0.6957861314004875,0
12615.0,0.5956418284377623,0
12616.0,0.44438117629752544,0
12619.0,0.2849991662456724,0
12620.0,0.6144751135220955,0
12621.0,0.027145481714434535,0
12622.0,0.7120779710218642,0
12623.0,0.7020990447241798,0
12624.0,0.43934468376128305,0
12625.0,0.4420595858960238,0
12626.0,0.1542560461127836,0
12627.0,0.20329208392428932,0
12633.0,0.34486448032798206,0
12635.0,0.5672235565052648,0
12637.0,0.1213496293944995,0
12639.0,0.6642581789777923,0
12641.0,0.6519202072743252,0
12642.0,0.580622667336873,0
12643.0,0.28671258548570666,0
12644.0,0.5734135372904059,0
12645.0,0.3462266503445697,0
12647.0,0.1204168794511002,0
12648.0,0.6207195675261291,0
12649.0,0.39997006505875293,0
12651.0,0.7762295788610097,0
12652.0,0.660266770793352,0
12653.0,0.44699733078752396,0
12654.0,0.4916278987370893,0
12656.0,0.35310944166303293,0
12662.0,0.14792428901229376,0
12664.0,0.47096070003642243,0
12665.0,0.8214287509425865,0
12668.0,0.39748638552270327,0
12669.0,0.3310618701170304,0
12670.0,0.35989710299494093,0
12672.0,0.7644407762456927,0
12673.0,0.7160966772845649,0
12674.0,0.3537840645881827,0
12676.0,0.3617482973054895,0
12678.0,0.10589970342009204,0
12679.0,0.49197587032621404,0
12680.0,0.5989981093826313,0
12681.0,0.03056312492447897,0
12682.0,0.012206661110840953,0
12683.0,0.04952131745124484,0
12684.0,0.36297486553760866,0
12685.0,0.3718563244949904,0
12686.0,0.8051222145822525,0
12688.0,0.4122548481656135,0
12689.0,0.5646667485396357,0
12690.0,0.6680061833231652,0
12691.0,0.39433077662136184,0
12693.0,0.3305334827785739,0
12694.0,0.6390820778908766,0
12695.0,0.49662111224835553,0
12697.0,0.4824098810721484,0
12700.0,0.3834716649010483,0
12701.0,0.6724765498146859,0
12704.0,0.36889365434252763,0
12705.0,0.24113734230808445,0
12707.0,0.665942953676242,0
12708.0,0.15830903423104933,0
12709.0,0.07047944451442192,0
12710.0,0.3225657139071951,0
12712.0,0.08316032055064139,0
12714.0,0.22145845332010797,0
12715.0,0.5935577949727189,0
12716.0,0.5449004949470604,0
12717.0,0.44089685540375556,0
12720.0,0.02051914844401212,0
12721.0,0.30281042273134434,0
12722.0,0.37005503802194345,0
12724.0,0.5457781683286705,0
12725.0,0.7323188578479326,0
12726.0,0.30360450778031894,0
12727.0,0.17497135858021512,0
12728.0,0.501219094189181,0
12729.0,0.5767381377652898,0
12731.0,0.13636953974941585,0
12732.0,0.6754919078209282,0
12733.0,0.6637664719605597,0
12734.0,0.8189720017332653,0
12735.0,0.6169678469184616,0
12736.0,0.8071104674438915,0
12738.0,0.781539591118982,0
12739.0,0.534698332816278,0
12743.0,0.38356787527726643,0
12744.0,0.19607418522817877,0
12747.0,0.15818216721603187,0
12748.0,3.844045621726459e-11,0
12749.0,0.3125055963069477,0
12750.0,0.6294677749307127,0
12753.0,0.2087038377979355,0
12754.0,0.44315964377366895,0
12755.0,0.6802891927094267,0
12757.0,0.16459684169274097,0
12758.0,0.36327876480378074,0
12759.0,0.437772559444667,0
12763.0,0.5052306812641146,0
12764.0,0.6511484875079204,0
12766.0,0.20156200697102714,0
12769.0,0.6316322546530595,0
12770.0,0.6798601217640684,0
12775.0,0.36930119713155507,0
12778.0,0.3938656930737983,0
12779.0,0.19488984921727556,0
12781.0,0.7133377551130115,0
12782.0,0.2924154243874701,0
12785.0,0.7612587606832032,0
12787.0,0.49408987763171985,0
12790.0,0.6435190891252756,0
12791.0,0.8462015747176251,0
12792.0,0.6676026638822299,0
12793.0,0.6545205266040776,0
12794.0,0.5894547382988652,0
12797.0,0.766918100287385,0
12798.0,0.6979339938553976,0
12802.0,0.6255268888238944,0
12808.0,0.5458097781410114,0
12809.0,0.6189245073285562,0
12811.0,0.5366021153350361,0
12814.0,0.7335249934780926,0
12815.0,0.4632655915235315,0
12816.0,0.45268126652517776,0
12817.0,0.787619389805188,0
12818.0,0.6976681546545273,0
12820.0,0.7598450315731268,0
12821.0,0.7409570889421666,0
12823.0,0.4849001198186427,0
12826.0,0.3407850814353757,0
12828.0,0.41403714154133503,0
12829.0,0.7251820359292032,0
12830.0,0.3059237562812803,0
12831.0,0.7378070663835212,0
12832.0,0.5984464623168659,0
12833.0,0.6033919351394764,0
12834.0,0.7051816348457791,0
12836.0,0.3153124050249766,0
12837.0,0.676377868134744,0
12838.0,0.6769649823364935,0
12839.0,0.10609454119573228,0
12840.0,0.2973981678255618,0
12841.0,0.02109687332886758,0
12842.0,0.7338246480388207,0
12843.0,0.1862523799734356,0
12844.0,0.5927227570787134,0
12845.0,0.48435301319575225,0
12849.0,0.6512873448553617,0
12851.0,0.53838059917558,0
12852.0,0.7151172932934128,0
12853.0,0.20925255152963831,0
12854.0,0.48040954693028015,0
12855.0,0.8413339326863275,0
12857.0,0.5025959028664984,0
12864.0,0.7336190890167344,0
12865.0,0.5157614477450414,0
12866.0,0.677897657011361,0
12867.0,0.141696585393213,0
12868.0,0.2276794307471852,0
12871.0,0.7551314639122743,0
12872.0,0.5752170783043946,0
12873.0,0.7833072484320736,0
12875.0,0.6489342876034944,0
12876.0,0.6052326314700862,0
12877.0,0.13643802385280704,0
12878.0,0.5416715572557431,0
12879.0,0.6947408119421025,0
12881.0,0.7553121912716899,0
12885.0,0.5497551852080865,0
12886.0,0.5952450683848176,0
12888.0,0.667634534720837,0
12891.0,0.5983334988757455,0
12897.0,0.6665925307346716,0
12901.0,0.02198279937377815,0
12902.0,0.7359631008010313,0
12904.0,0.6037689345891463,0
12908.0,0.6707679595900536,0
12909.0,0.4149291460350299,0
12910.0,0.35604279834364044,0
12913.0,0.575398503063146,0
12915.0,0.5032542650324129,0
12916.0,0.3037351907277004,0
12917.0,0.7367088795212732,0
12919.0,0.4668595419913581,0
12921.0,0.005684805897346654,0
12922.0,0.6024372874948403,0
12924.0,0.5269683504935847,0
12928.0,0.3828330485074701,0
12929.0,0.7713510063803671,0
12930.0,0.661418865447005,0
12931.0,0.09197126189686719,0
12933.0,0.4631547385553501,0
12935.0,0.2852667530965618,0
12937.0,0.52886696541102,0
12939.0,0.36046590307275395,0
12942.0,0.34553370284564205,0
12944.0,0.7570349181582618,0
12945.0,0.6901183880652327,0
12947.0,0.2014702653941623,0
12948.0,0.2808437789390446,0
12949.0,0.13753059837167014,0
12951.0,0.302226072879705,0
12955.0,0.21121927368484628,0
12956.0,0.7221629479330641,0
12957.0,0.2987105061151142,0
12962.0,0.6451892715008656,0
12963.0,0.7534985752292968,0
12967.0,0.718672907788209,0
12968.0,0.6944217249188381,0
12970.0,0.7118549235723547,0
12971.0,6.628326515287235e-06,0
12974.0,0.7134888516837632,0
12976.0,0.6451025550332466,0
12977.0,0.6937681468379066,0
12980.0,0.19197831319602485,0
12981.0,0.6562742366853119,0
12982.0,0.6519331379582697,0
12987.0,0.6739736024563037,0
12988.0,0.6092294121989399,0
12989.0,0.20812148176694276,0
12990.0,0.6255195951365391,0
12991.0,0.5917136496604041,0
12993.0,0.42050270386089666,0
12994.0,0.43680558722351387,0
12997.0,0.5434257384012473,0
12999.0,0.47818439295578713,0
13000.0,0.3871081138423614,0
13001.0,0.0711495529673517,0
13002.0,0.7807842972824571,0
13003.0,0.5219925514070923,0
13004.0,0.05057450418548432,0
13005.0,0.5278465330414357,0
13008.0,0.7433864742598977,0
13011.0,0.8400314049497326,0
13012.0,0.33483314059749,0
13013.0,0.09088536769165995,0
13014.0,0.24780478068494957,0
13015.0,0.326980721217113,0
13016.0,0.5781438811420107,0
13018.0,0.015127710563730253,0
13021.0,0.33347792574053825,0
13023.0,0.608320143362792,0
13026.0,0.43653436650318844,0
13027.0,0.2958445148208688,0
13029.0,0.5661821499102445,0
13030.0,0.6845477058369238,0
13033.0,0.7735686999174135,0
13034.0,0.7798152333679822,0
13035.0,0.7174470620251189,0
13037.0,0.3824259792795318,0
13038.0,0.5252712104418243,0
13043.0,0.7164906958304307,0
13044.0,0.6665136525339092,0
13045.0,0.5979781016535117,0
13046.0,0.7151640980164947,0
13047.0,0.1349252195701599,0
13048.0,0.3267947516877366,0
13049.0,0.7793562992664348,0
13050.0,0.03999848016838439,0
13052.0,0.6651460679566251,0
13055.0,0.6523192136199796,0
13058.0,0.7476111445212741,0
13059.0,0.7387355572974047,0
13060.0,0.700817665783624,0
13062.0,0.6848435326048908,0
13064.0,0.47034397384554383,0
13065.0,0.7680665989718322,0
13068.0,0.8451930598170587,0
13069.0,0.010776475251548054,0
13070.0,0.7006578767920129,0
13072.0,0.7543222777075499,0
13075.0,0.5930862944327312,0
13077.0,0.473178415334864,0
13078.0,0.03585386101588568,0
13079.0,0.6471367497000956,0
13080.0,0.726333971662114,0
13081.0,0.08731386699743612,0
13082.0,0.12118521872872226,0
13085.0,0.5251271633654766,0
13089.0,1.2680825934166115e-06,0
13090.0,0.1260246339963392,0
13092.0,0.44616522841848283,0
13093.0,0.18186963050904004,0
13094.0,0.16249853411826234,0
13097.0,0.10775896568968141,0
13098.0,0.018439944598958636,0
13099.0,0.7535064855171175,0
13101.0,0.7351700073550724,0
13102.0,0.01742369084958883,0
13104.0,0.5396873070588936,0
13106.0,0.7756261830251056,0
13107.0,0.47359445293640523,0
13108.0,0.7813896319612906,0
13109.0,0.6118325912951694,0
13110.0,0.24246072180827427,0
13113.0,0.014270225249671836,0
13115.0,0.5601861631423734,0
13116.0,0.5811544493176192,0
13117.0,0.17862025632138456,0
13118.0,0.4429094534141879,0
13120.0,0.8241792178998935,0
13121.0,0.629852735541418,0
13122.0,0.3912170876174769,0
13124.0,0.4261998530012038,0
13126.0,0.3237391745601608,0
13130.0,0.7345418573293315,0
13131.0,0.6677297578021558,0
13132.0,0.7949745344861114,0
13133.0,0.6949572829778592,0
13134.0,0.42565375226397917,0
13135.0,0.7817098971226298,0
13136.0,0.37395379909131476,0
13137.0,0.16687541915131307,0
13138.0,0.4260366910908711,0
13139.0,0.3679993895883796,0
13140.0,0.3680842011916777,0
13141.0,0.33492558839942954,0
13144.0,0.8216094738517035,0
13145.0,0.4862810834570614,0
13147.0,0.7570763756874205,0
13148.0,0.07943522341665554,0
13149.0,0.34047239563984394,0
13151.0,0.6060045173309604,0
13155.0,0.5774095632824865,0
13157.0,0.4059537127278703,0
13158.0,0.2764223750244228,0
13159.0,0.39503438262643475,0
13161.0,0.7725363041348154,0
13162.0,0.27988045151838414,0
13165.0,0.758229812716447,0
13166.0,0.6526897287264496,0
13167.0,0.4837808448569378,0
13168.0,0.3713465148014528,0
13169.0,0.7485573488881628,0
13171.0,0.7048930491354116,0
13173.0,0.7391813963843836,0
13174.0,0.46271595759389583,0
13178.0,0.13634022908844382,0
13183.0,0.20469094497620455,0
13184.0,0.10574156021885416,0
13185.0,0.8307814270697201,0
13186.0,0.3943098593265722,0
13187.0,0.691510117204006,0
13189.0,0.6151665619545437,0
13192.0,0.39154113548300007,0
13194.0,0.7380566871168432,0
13196.0,0.6481879841955172,0
13198.0,0.18608846053677722,0
13199.0,0.012412094103808577,0
13200.0,0.631794041927514,0
13203.0,0.4927304168258349,0
13207.0,0.7123301098731162,0
13208.0,0.28610572345549495,0
13209.0,0.1848966928580178,0
13210.0,0.5784371138054916,0
13211.0,0.3973403399410605,0
13213.0,0.3233170234661448,0
13216.0,0.7672319329599399,0
13217.0,0.5454382686454871,0
13218.0,0.7082056167610655,0
13220.0,0.500893033445731,0
13221.0,0.48258333821624366,0
13223.0,0.6577817557907566,0
13224.0,0.5567197961107678,0
13225.0,0.3276995748398937,0
13226.0,0.7151226123562959,0
13227.0,0.7046844006667917,0
13229.0,0.7147399669388691,0
13230.0,0.04824620231963455,0
13232.0,0.19908375728067682,0
13233.0,0.7369942955176736,0
13235.0,0.5794652676182552,0
13236.0,0.5882113852582946,0
13238.0,0.5385691189221108,0
13239.0,0.6804059265182822,0
13240.0,0.2817813172824389,0
13242.0,0.4647609171912072,0
13243.0,0.5742023399904181,0
13244.0,0.5717464658155106,0
13246.0,0.252320752733404,0
13248.0,0.48240240643881416,0
13249.0,0.4038655319595454,0
13253.0,0.45934031553788124,0
13255.0,0.8074541033459796,0
13258.0,0.6905071094057806,0
13261.0,0.6857300718602756,0
13262.0,0.7275879337462186,0
13263.0,0.005792392295288655,0
13265.0,0.41419273915508487,0
13266.0,0.14433761035120926,0
13267.0,0.03706768214920074,0
13268.0,0.17224688264259538,0
13269.0,0.11449624116612264,0
13270.0,0.8551214941243092,0
13273.0,0.6214444433790206,0
13276.0,0.667383057299012,0
13277.0,0.6137537659383024,0
13280.0,0.34180537323111754,0
13282.0,0.5424856645001431,0
13283.0,0.78347284007077,0
13284.0,0.7517702186086533,0
13285.0,0.3222891244081445,0
13291.0,0.5714443021004014,0
13292.0,0.7229856273147104,0
13294.0,0.47618180032108653,0
13295.0,0.7788898520831701,0
13296.0,0.7111915633856444,0
13299.0,0.7729216157966828,0
13300.0,0.6319944334736824,0
13301.0,0.27151953852896116,0
13302.0,0.7864839454788056,0
13304.0,0.7324002339000463,0
13305.0,0.15270320074526617,0
13307.0,0.7794248473475844,0
13308.0,0.6278512043168903,0
13309.0,0.493108528674781,0
13310.0,0.4761401185589407,0
13311.0,0.6051660956189245,0
13313.0,0.39670760718227654,0
13316.0,0.42793726260195086,0
13317.0,0.2927333367303399,0
13319.0,0.013973710980685332,0
13320.0,0.3441903419515238,0
13324.0,0.2630725155816093,0
13327.0,0.16867012054655892,0
13328.0,0.7166072667885188,0
13329.0,0.7962559567418321,0
13330.0,0.35783565805866085,0
13334.0,0.3620368085596361,0
13338.0,0.6261015822847737,0
13339.0,0.5719757669382266,0
13340.0,0.20075888836792347,0
13341.0,0.6287376459634857,0
13343.0,0.6407621995216805,0
13344.0,0.5977611055806341,0
13345.0,0.6997285091272575,0
13355.0,0.5636384435373434,0
13357.0,0.5768152248415482,0
13358.0,0.6638373622511087,0
13362.0,0.468656496702661,0
13365.0,0.6085568812294453,0
13368.0,0.5596095273384392,0
13369.0,0.7618056136117216,0
13370.0,0.6982747769462155,0
13373.0,0.3880618501352575,0
13376.0,0.3553366402649646,0
13379.0,0.6495663956244186,0
13381.0,0.28125429608078034,0
13382.0,0.7175948747591219,0
13384.0,0.4001984748002784,0
13385.0,0.6845938552575784,0
13388.0,0.4673005726999537,0
13389.0,0.6789040478808113,0
13391.0,0.807038372469537,0
13394.0,0.22688676984779815,0
13395.0,0.6397682187539937,0
13396.0,0.7339589998969874,0
13397.0,0.3456163285278645,0
13398.0,0.6258577312383665,0
13402.0,0.44474462568070394,0
13404.0,0.7118008258432689,0
13405.0,0.5330251839068837,0
13408.0,0.00028712021944219437,0
13410.0,0.5151931783465528,0
13411.0,0.6099815294144801,0
13414.0,0.41860165736687177,0
13417.0,0.701244708986839,0
13418.0,0.028326657750533477,0
13420.0,0.5994647280702765,0
13421.0,0.6160772694026884,0
13425.0,0.3309084911656762,0
13426.0,0.2740674334096639,0
13427.0,0.49571269758066844,0
13434.0,0.6901600341396424,0
13435.0,0.39057848100654596,0
13437.0,0.24845091459425087,0
13439.0,0.6157325494259634,0
13441.0,0.6161255608698178,0
13448.0,0.3465981589509575,0
13450.0,0.3618793495852245,0
13451.0,0.20381504335131878,0
13452.0,0.7751623302156351,0
13453.0,0.5377684435492531,0
13455.0,0.7128178064542046,0
13456.0,0.46423559624591215,0
13458.0,0.06815806033971986,0
13461.0,0.5469667461669397,0
13462.0,0.73511887007018,0
13466.0,0.65356576363585,0
13468.0,0.002414927339047462,0
13470.0,0.5661705263295446,0
13473.0,0.7558837218575907,0
13474.0,0.5991909932889508,0
13475.0,0.3330984632381896,0
13476.0,0.44681395763886916,0
13477.0,0.3345915118572136,0
13479.0,0.59080090560008,0
13481.0,0.27539359334014546,0
13482.0,0.711900859420959,0
13484.0,0.7310507254685163,0
13485.0,0.6588826198777868,0
13486.0,0.43362310435994916,0
13487.0,0.5479510540826903,0
13488.0,0.08330164953962134,0
13489.0,0.3924375306631806,0
13491.0,0.12837935696750916,0
13492.0,0.39363090866486083,0
13493.0,0.7300248757111857,0
13494.0,0.7205264829142476,0
13495.0,0.500446493506325,0
13496.0,0.7202214699420907,0
13497.0,0.610961518979699,0
13499.0,0.5837245407447808,0
13500.0,0.6042255108212009,0
13501.0,0.6259652701200596,0
13502.0,0.6675237563826938,0
13505.0,0.3353812701836649,0
13506.0,0.6193168134513566,0
13507.0,0.2909039578565297,0
13508.0,0.7162127865853644,0
13509.0,0.29020690409765676,0
13510.0,0.39894021317520434,0
13512.0,0.7060799567227529,0
13513.0,0.6576147518816216,0
13515.0,0.3988113400610477,0
13516.0,0.7418677022721231,0
13517.0,0.35801022936049964,0
13520.0,0.2724066583322135,0
13523.0,0.3646030875686436,0
13524.0,0.4418633519942744,0
13525.0,0.7968527386344529,0
13527.0,0.24802122407342747,0
13529.0,0.7230854001258535,0
13531.0,0.5534412324862839,0
13533.0,0.4020463237380849,0
13534.0,0.01174387429918853,0
13538.0,0.28651017916045934,0
13539.0,0.5799934782082677,0
13544.0,0.6315281666502264,0
13546.0,0.637869970599901,0
13548.0,0.3418104236626611,0
13549.0,0.295278807048161,0
13551.0,0.8068976197654789,0
13552.0,0.12164392061801808,0
13555.0,0.47137977639651063,0
13557.0,0.7131793429388723,0
13561.0,0.6898677706212941,0
13562.0,0.43945883879735204,0
13563.0,0.5669126120943075,0
13564.0,0.3460858088697448,0
13565.0,0.7575607864231453,0
13568.0,0.5881518468858162,0
13569.0,0.7414354284836772,0
13570.0,0.6588448240836321,0
13571.0,0.14247080889358585,0
13572.0,0.6098724433649895,0
13573.0,0.7965690835013096,0
13575.0,0.5452525022897636,0
13576.0,0.0594697405051353,0
13577.0,0.3428315256637969,0
13579.0,0.7895282245016703,0
13581.0,0.759090283371958,0
13583.0,0.5453799325676257,0
13584.0,0.7059072985310875,0
13588.0,0.25135710815489776,0
13589.0,0.6967729644881259,0
13590.0,0.3269701181432504,0
13591.0,0.508901359786621,0
13592.0,0.5357864448069334,0
13593.0,0.22559151887356643,0
13599.0,0.15129802457939662,0
13600.0,0.7203595867018331,0
13601.0,0.6064028435420605,0
13606.0,0.543336929425057,0
13610.0,0.2010249690229723,0
13611.0,0.4811501394916624,0
13614.0,0.40543672295063654,0
13615.0,0.7072893825741351,0
13617.0,0.48233648479419977,0
13618.0,0.6691213213774572,0
13621.0,0.6076641232403228,0
13623.0,0.3535570623935259,0
13626.0,0.686698069324167,0
13627.0,0.3789595297802299,0
13629.0,0.16051880907177588,0
13630.0,0.25075408647411634,0
13631.0,0.12106123281093292,0
13632.0,0.3786965892798918,0
13634.0,0.3258864024597525,0
13636.0,0.3300596240428073,0
13637.0,0.4487005338517359,0
13642.0,0.5849240009669839,0
13643.0,0.5128212890097636,0
13644.0,0.5198724027548673,0
13645.0,0.694289699759123,0
13647.0,0.4947709128320266,0
13649.0,0.5761784007635273,0
13650.0,0.5183286173405494,0
13652.0,0.5443712917827321,0
13654.0,0.2748873023144334,0
13655.0,0.4087891711902643,0
13656.0,0.4495040987903437,0
13657.0,0.7084661720624921,0
13658.0,0.6125117790974434,0
13659.0,0.4240835104784727,0
13662.0,0.5285523548474201,0
13663.0,0.6720606204899173,0
13666.0,0.6838647979457265,0
13667.0,0.5160231152510497,0
13668.0,0.023687251245284046,0
13669.0,0.746546926763799,0
13672.0,0.735001741662665,0
13675.0,0.4925308735772259,0
13678.0,0.6402911789860204,0
13680.0,0.9876920604119945,0
13681.0,0.6576055090759612,0
13682.0,0.7634692694129146,0
13684.0,0.6877682310346388,0
13686.0,0.7104500082374473,0
13692.0,0.542343162805037,0
13694.0,0.0003492730371141255,0
13695.0,0.0771487713166665,0
13699.0,0.6494259202563127,0
13700.0,0.11114119975587282,0
13703.0,0.8471359531205875,0
13705.0,0.4931979483963189,0
13706.0,0.7090315073910887,0
13707.0,0.5372358580699257,0
13708.0,0.6321451168143194,0
13709.0,0.1961710059955455,0
13711.0,0.6127249156173833,0
13712.0,0.7233043811612204,0
13715.0,0.3188156455578675,0
13716.0,0.6943505275748141,0
13717.0,0.29435341878488525,0
13718.0,0.64456145218,0
13719.0,0.5758810304489255,0
13720.0,0.3162652117343295,0
13722.0,0.3371104240096352,0
13723.0,0.7373292792955415,0
13725.0,0.17987931332808385,0
13726.0,0.5812129079304338,0
13728.0,0.27949883512619245,0
13730.0,0.4637039454788448,0
13731.0,0.5367163778482396,0
13735.0,0.41669198864987095,0
13736.0,0.5946605779957753,0
13737.0,0.6254032715435032,0
13740.0,0.664965973212431,0
13741.0,0.5516854270909952,0
13742.0,0.08724361914926429,0
13743.0,0.34694524231269164,0
13744.0,0.3852143148849661,0
13745.0,0.6137193815785993,0
13747.0,0.8656515429478703,0
13748.0,0.28187213702603914,0
13750.0,0.3823094529341819,0
13751.0,0.7485863149594107,0
13752.0,0.20828499200740835,0
13753.0,0.657999302150062,0
13754.0,0.5510599755987255,0
13756.0,0.13742892696685066,0
13758.0,0.2655006725620293,0
13760.0,0.6683645742606208,0
13761.0,0.6023228358584597,0
13762.0,0.7266976308050364,0
13764.0,0.35911913778667914,0
13767.0,0.003884147627359462,0
13769.0,0.13498379418678946,0
13771.0,0.4591744375075654,0
13772.0,0.3542275058245995,0
13777.0,0.009017497745285801,0
13778.0,0.6519418944912725,0
13780.0,0.6935353424843466,0
13781.0,0.697804793091347,0
13782.0,0.3535067232410871,0
13784.0,0.1649705861736494,0
13786.0,0.798235844889506,0
13787.0,0.8012768357292295,0
13791.0,0.5638695749015264,0
13792.0,0.7947733795338142,0
13798.0,0.00027326110833325514,0
13799.0,0.4432255938383007,0
13800.0,0.6768639597072144,0
13802.0,0.356014236608915,0
13803.0,0.694879650100413,0
13804.0,0.2614164240187967,0
13805.0,0.6838332319733795,0
13807.0,0.8022050324643237,0
13808.0,0.44482888749892313,0
13809.0,0.7503558140508363,0
13811.0,0.5408825167907412,0
13812.0,0.5949292003420432,0
13813.0,0.6217451233262854,0
13814.0,0.4224541739266018,0
13815.0,0.3801766591433533,0
13817.0,0.783101044358166,0
13819.0,0.5757496702405374,0
13821.0,0.43908989940172527,0
13823.0,0.5596200830481605,0
13824.0,0.3541694601899894,0
13826.0,0.6868515009156161,0
13827.0,0.45159598847228655,0
13831.0,0.30154298981799077,0
13833.0,0.6016250047555542,0
13835.0,0.4959556530256325,0
13837.0,0.5695931142182382,0
13838.0,0.3095088087353673,0
13841.0,0.8243562534754425,0
13842.0,0.16429633328865614,0
13846.0,0.5140304040302909,0
13848.0,0.5025780908683647,0
13849.0,0.5824284192249423,0
13850.0,0.4788918191600398,0
13851.0,0.31112126366827353,0
13854.0,0.016858877282349735,0
13856.0,0.5199360962556069,0
13859.0,0.7068274995776764,0
13862.0,0.1891064938477591,0
13863.0,0.6792661873562754,0
13865.0,0.4305082778453889,0
13867.0,0.7248103015440581,0
13869.0,0.21201406678932502,0
13870.0,0.2196288022247131,0
13871.0,0.09305288461676092,0
13873.0,0.4230540072927107,0
13874.0,0.7409032980804354,0
13875.0,0.290605762737925,0
13880.0,0.149075442458884,0
13881.0,0.0760189627852603,0
13883.0,0.33592592276612515,0
13884.0,0.7314112070941329,0
13885.0,0.5567912046467413,0
13887.0,0.65684463965319,0
13888.0,0.441916014663493,0
13889.0,0.603957674621137,0
13890.0,0.45062568620258975,0
13892.0,0.7905467380664378,0
13893.0,0.6966676633636611,0
13894.0,0.7575990233766222,0
13895.0,0.46849819713565133,0
13898.0,0.7553191370249301,0
13899.0,0.7123520687075726,0
13900.0,0.42373705972178444,0
13901.0,0.23814852269374356,0
13904.0,0.718202672774602,0
13908.0,0.34480166213108254,0
13911.0,0.12895380649160798,0
13917.0,0.7410865676442663,0
13918.0,0.740220559201314,0
13919.0,0.6228473612024342,0
13922.0,0.7931131535462661,0
13925.0,0.33175845650734764,0
13928.0,0.5272637582319533,0
13929.0,0.5746578292163701,0
13930.0,0.6632622251656577,0
13931.0,0.38316063412850876,0
13932.0,0.7188537744343406,0
13933.0,0.4785421875941576,0
13934.0,0.6505323869925906,0
13936.0,0.6195019192352412,0
13937.0,0.690677164652454,0
13939.0,0.4402992391024391,0
13940.0,0.4841364678779364,0
13941.0,0.4471673543080966,0
13946.0,0.6057165550164951,0
13948.0,0.8324385794699584,0
13949.0,0.5345832917931891,0
13950.0,0.7444777627711955,0
13951.0,0.4213764389079307,0
13952.0,0.4370239952492548,0
13953.0,0.34288873398255354,0
13955.0,0.4758657510463694,0
13956.0,0.33321466746137673,0
13959.0,0.5771776399747792,0
13962.0,0.7467582766624081,0
13963.0,0.4633714350265945,0
13967.0,0.7581187151069863,0
13969.0,0.05743847845573798,0
13971.0,0.17747002950426924,0
13972.0,0.7087753902605448,0
13973.0,0.7379123898345331,0
13975.0,0.23821727271907167,0
13976.0,0.6987522379489102,0
13982.0,0.39076108752588307,0
13983.0,0.16759379956014195,0
13984.0,0.40630545659655853,0
13985.0,0.17004002481088126,0
13988.0,0.33847278937553665,0
13989.0,0.6570738225853379,0
13990.0,0.6743057144052866,0
13991.0,0.6928940966986513,0
13993.0,0.19689734006241047,0
13994.0,0.49589098794937275,0
13995.0,0.3776871069662194,0
13999.0,0.10109851690166095,0
14000.0,0.6718917576814003,0
14001.0,0.5506169914563392,0
14002.0,0.4514398687948704,0
14004.0,0.22447465389766022,0
14005.0,0.41467555195674716,0
14006.0,0.4095315411080826,0
14009.0,0.5576838600394348,0
14012.0,0.7313755224675598,0
14013.0,0.3934539499889899,0
14016.0,0.25108631356673505,0
14019.0,0.45357253809219306,0
14021.0,0.44750113228930766,0
14022.0,0.6408832566142706,0
14023.0,0.6960324705913766,0
14024.0,0.5831920801223941,0
14029.0,0.7003406262700906,0
14030.0,0.16747169135885132,0
14031.0,0.05099230741137273,0
14032.0,0.24016205971441734,0
14034.0,0.5180729926369938,0
14035.0,0.42211544302469417,0
14036.0,0.6518758589058761,0
14037.0,0.5085449357137192,0
14038.0,0.4398094914330892,0
14040.0,0.07924053152067775,0
14041.0,0.6925272956547087,0
14044.0,0.28030111965446125,0
14045.0,0.43154046421458525,0
14046.0,0.7262839489127917,0
14047.0,0.4996246722432798,0
14048.0,0.6119994643916877,0
14049.0,0.28291545203693025,0
14050.0,0.5452363963878328,0
14051.0,0.03323278749917689,0
14053.0,0.6384502217054323,0
14055.0,0.6357075722111248,0
14056.0,0.018175654384361844,0
14057.0,0.043138049218985425,0
14059.0,0.7471696348302603,0
14060.0,0.04592913145338589,0
14062.0,0.09294508417297963,0
14064.0,0.30870366543985306,0
14066.0,0.7552819272095527,0
14067.0,0.5747849547935852,0
14068.0,0.7143312290565413,0
14071.0,0.7452856613262421,0
14075.0,0.6938095128222215,0
14076.0,0.5604664074202961,0
14077.0,0.44837866403780297,0
14078.0,0.2113218522273461,0
14079.0,0.639700098376184,0
14081.0,0.4808885267791929,0
14082.0,0.7253669020514123,0
14083.0,0.1642741062599685,0
14085.0,0.051978376592617725,0
14088.0,0.11918050242113863,0
14090.0,0.85031675344024,0
14092.0,0.08513154157931352,0
14096.0,0.35209946325797437,0
14099.0,0.11589559907631586,0
14100.0,0.6047413048761334,0
14101.0,0.32598394959550797,0
14104.0,0.548855345605812,0
14105.0,0.5696659440042904,0
14107.0,0.19520638792984266,0
14108.0,0.6079726658540024,0
14110.0,0.23857265274222111,0
14111.0,0.49872890627255995,0
14112.0,0.274099145497173,0
14113.0,0.8358319987572781,0
14114.0,0.6269677225649024,0
14116.0,0.44971318205595867,0
14117.0,0.7394448995352756,0
14127.0,0.3803209125856623,0
14128.0,0.6775783206284147,0
14129.0,0.380088232718117,0
14130.0,0.635844170167703,0
14132.0,0.25395866498169983,0
14133.0,0.4178944443303096,0
14135.0,0.09005290167646936,0
14141.0,0.6106256271440049,0
14142.0,0.7405424051072572,0
14143.0,0.6879821885823915,0
14145.0,0.5215420949997052,0
14146.0,0.48774766901876754,0
14147.0,0.8142860496814601,0
14148.0,0.7786452878768371,0
14149.0,0.6377656662594574,0
14150.0,0.7671298651853234,0
14152.0,0.646484369721512,0
14154.0,0.5017552314722898,0
14155.0,0.7645151797881236,0
14156.0,0.00016044486034347106,0
14157.0,0.6625702985835585,0
14159.0,0.09869982611950533,0
14161.0,0.38262973604832057,0
14162.0,0.5139728585278718,0
14163.0,0.4172589848140234,0
14165.0,0.6927494710970894,0
14167.0,0.44789547664188084,0
14171.0,0.5094791229330412,0
14173.0,0.708381314403782,0
14175.0,0.43306665490143015,0
14176.0,0.4705038059963663,0
14177.0,0.37864158916997614,0
14178.0,0.3176222223745501,0
14180.0,0.009256866351700204,0
14185.0,0.8182701255583958,0
14188.0,0.3368682625196438,0
14189.0,0.06544127997292938,0
14191.0,0.16200790874645912,0
14193.0,0.6801457593090837,0
14194.0,0.048574688753962425,0
14195.0,0.618217409677288,0
14196.0,0.6738204878989505,0
14198.0,0.5083143116839601,0
14199.0,0.7864061338404825,0
14201.0,0.3319149555347593,0
14205.0,0.7132534516179667,0
14206.0,0.6741786925002128,0
14208.0,0.6410507040294539,0
14209.0,0.2490545823058025,0
14210.0,0.19214965894991604,0
14211.0,0.20362001687376466,0
14214.0,0.3809646833944159,0
14215.0,0.33537122125507285,0
14217.0,0.10023560256281085,0
14220.0,0.5711500558493047,0
14221.0,0.15373946719673354,0
14222.0,0.5800053021518077,0
14223.0,0.3401971605801251,0
14224.0,0.2540227831069888,0
14226.0,0.4994088581483733,0
14227.0,0.18267987956068676,0
14229.0,0.6118075917725777,0
14231.0,0.40062789208283656,0
14232.0,0.28016282472275505,0
14233.0,0.5096964118604889,0
14235.0,0.3108591689937468,0
14236.0,0.8337969092975805,0
14237.0,0.7913815210448558,0
14238.0,0.7768382026838163,0
14239.0,0.11029127440957734,0
14240.0,0.7123059369748878,0
14241.0,0.6898614815987126,0
14242.0,0.6048916257815667,0
14243.0,0.12167130850759561,0
14245.0,0.4362825506396758,0
14246.0,0.3417754501144425,0
14247.0,0.7056290866302593,0
14248.0,0.7687816299185173,0
14256.0,0.51227832971319,0
14257.0,0.27075492731991135,0
14258.0,0.18617404570119236,0
14259.0,0.7110738879499782,0
14262.0,0.36514028963123507,0
14264.0,0.5393394841695179,0
14265.0,0.4580532408528214,0
14267.0,0.43730763614704765,0
14270.0,0.6985186851942708,0
14271.0,0.7172752226131791,0
14272.0,0.743413852631718,0
14273.0,0.45025804497903243,0
14276.0,0.33982797457241887,0
14277.0,0.5533361989407476,0
14280.0,0.7135044483608047,0
14282.0,0.11925138316009098,0
14285.0,0.8082538158436637,0
14286.0,0.517764530907435,0
14287.0,0.6660577190141956,0
14288.0,0.6718971530313507,0
14289.0,0.29106944140704005,0
14290.0,0.725611090080646,0
14291.0,0.15539169242774503,0
14292.0,0.3172691192462294,0
14293.0,0.3928533925780408,0
14297.0,0.7322035098685749,0
14298.0,0.00038009778803040854,0
14299.0,0.22855343146257973,0
14301.0,0.6257473405447488,0
14304.0,0.6739131158611379,0
14305.0,0.4079109206648919,0
14307.0,0.25415238206837965,0
14309.0,0.1616512034076071,0
14311.0,0.6763165272569329,0
14312.0,0.24099141446186542,0
14314.0,0.6642466313885608,0
14315.0,0.263506600025463,0
14320.0,0.5202697279576549,0
14321.0,0.326538820349659,0
14323.0,0.44848213407045295,0
14326.0,0.7351907274477476,0
14327.0,0.6641648386220431,0
14329.0,0.2218167487183685,0
14331.0,0.4941396979663867,0
14332.0,0.7566020555449037,0
14334.0,0.1429631615207478,0
14335.0,0.5354597301565679,0
14336.0,0.4134552434555837,0
14338.0,0.5002874553461036,0
14339.0,0.6990195483640608,0
14340.0,0.740470627964546,0
14341.0,0.21772708069063396,0
14342.0,0.548603149447821,0
14344.0,0.15349990133201322,0
14346.0,0.4030013043925896,0
14348.0,0.6911454585798651,0
14350.0,0.7015590230737833,0
14351.0,0.7916595124110613,0
14352.0,0.33891106347134864,0
14353.0,0.7416092517616832,0
14355.0,0.7777232385873257,0
14360.0,0.4800315703235889,0
14364.0,0.13943395468959524,0
14367.0,0.07543965136663974,0
14368.0,0.7733387262016347,0
14371.0,0.7964798077019914,0
14373.0,0.8231255558700188,0
14375.0,0.5685948819454077,0
14377.0,0.5834066043661998,0
14379.0,0.7228769142519991,0
14383.0,0.6514637933945533,0
14386.0,0.7698348813876129,0
14387.0,0.542094173421049,0
14388.0,0.17188410027027554,0
14389.0,0.6495140751427878,0
14390.0,0.27544347781024503,0
14393.0,0.7540813208433307,0
14395.0,0.19973070651018632,0
14396.0,0.7206695471215663,0
14397.0,0.12866182938287332,0
14400.0,0.6002695101091948,0
14401.0,0.08816219666127588,0
14403.0,0.37931475827196875,0
14404.0,0.23547965778309687,0
14406.0,0.6696980848700117,0
14407.0,0.19583414201175256,0
14408.0,0.19574061959375422,0
14409.0,0.2740472627024371,0
14410.0,0.09107743621218871,0
14411.0,0.7264267464687234,0
14413.0,0.7412635289736753,0
14414.0,0.15205809936401762,0
14415.0,0.08349194469296994,0
14418.0,0.6134854955898663,0
14419.0,0.5250421533567602,0
14420.0,0.5610279743702288,0
14421.0,0.6744455084430344,0
14422.0,0.4423802346466653,0
14423.0,0.7686381434409194,0
14426.0,0.17194489592122184,0
14428.0,0.5630937103632974,0
14431.0,0.7164376912602802,0
14436.0,0.6544625770421142,0
14437.0,0.8183708003441406,0
14438.0,0.7624153447026308,0
14439.0,0.6727111029451525,0
14440.0,0.6163815258740064,0
14441.0,0.4571512518284707,0
14442.0,0.45845892173996694,0
14443.0,0.3568005509465142,0
14446.0,0.5775697391707482,0
14447.0,0.5055760698024183,0
14448.0,0.7547336752392262,0
14449.0,0.45750235391357486,0
14450.0,0.4369328143493154,0
14451.0,0.5784022077363661,0
14452.0,0.5666877140199247,0
14453.0,0.6470490844412485,0
14456.0,0.2927075123243849,0
14457.0,0.8020546305988425,0
14459.0,0.5652765088934085,0
14460.0,0.4451922956800276,0
14461.0,0.29359908106401905,0
14462.0,0.10193322602402437,0
14463.0,0.48827518896253297,0
14465.0,0.4002487300315941,0
14466.0,0.28170752351512596,0
14467.0,0.7376976439061665,0
14470.0,0.6650985785414486,0
14472.0,0.11011599368031384,0
14473.0,0.8353670412198565,0
14475.0,0.5221377039541807,0
14476.0,0.6978172617880446,0
14477.0,0.6451294497921085,0
14479.0,0.5916817152007535,0
14481.0,0.5003250883754042,0
14482.0,0.47283359627630733,0
14483.0,0.7501890709475687,0
14487.0,0.7726546967789046,0
14489.0,0.6247254537211101,0
14491.0,0.532470293903429,0
14493.0,0.5926939567882334,0
14495.0,0.7509479034269609,0
14496.0,0.6439441709525904,0
14497.0,0.6866037745411961,0
14498.0,0.2570411870182298,0
14499.0,0.40458030379794413,0
14500.0,0.5804451740114615,0
14501.0,0.5894238469622233,0
14502.0,0.13920769994764076,0
14503.0,0.5836183193050728,0
14504.0,0.4299545339909316,0
14505.0,0.12297458629160056,0
14506.0,0.3483924015408084,0
14507.0,0.27489199666022485,0
14511.0,0.4966137407794494,0
14512.0,0.5566599890688309,0
14513.0,0.45439006464443155,0
14514.0,0.5083063244405283,0
14515.0,0.5388621932322258,0
14517.0,0.6426960183977847,0
14520.0,0.8350678565355232,0
14522.0,0.48739177643759635,0
14523.0,0.6336273364612908,0
14524.0,0.2419642361411691,0
14525.0,0.12773017033247652,0
14527.0,0.0003167348329209278,0
14529.0,0.537447834390465,0
14530.0,0.1945906409036599,0
14532.0,0.38724678399236306,0
14533.0,0.45765839443507883,0
14534.0,0.03092927493975778,0
14535.0,0.3302043507130219,0
14536.0,0.6969981757320272,0
14538.0,0.791020564485522,0
14540.0,0.7507843383174548,0
14541.0,0.18880892448029116,0
14542.0,0.7350160735994726,0
14543.0,0.06375102805507425,0
14544.0,0.6693132314597141,0
14546.0,0.4154045156623214,0
14548.0,0.6322293553630655,0
14549.0,0.6468455524825615,0
14551.0,0.7256281471547542,0
14552.0,0.5506177337680801,0
14553.0,0.5191758860519455,0
14555.0,0.7338353199945621,0
14560.0,0.0475296973783428,0
14561.0,0.496432593327149,0
14562.0,0.1363646931564961,0
14565.0,0.23705196360794328,0
14566.0,0.6880737934806838,0
14567.0,0.6318208362670984,0
14570.0,0.587182702748447,0
14572.0,0.1924236049049628,0
14573.0,0.11712816996497612,0
14576.0,0.8685688879115396,0
14577.0,0.3661574032502166,0
14583.0,0.250453705505164,0
14584.0,0.3260064851100699,0
14586.0,0.7005513135496253,0
14587.0,0.13122127070571746,0
14589.0,0.8407916888295104,0
14591.0,0.6265991563550893,0
14593.0,0.48438755340685735,0
14594.0,0.7215323331334357,0
14595.0,0.7920066398850429,0
14597.0,0.7589401954375211,0
14600.0,0.6953826367035219,0
14603.0,0.8029614839807105,0
14606.0,1.1915466603144123e-06,0
14607.0,0.7842772377209162,0
14608.0,0.858372316533606,0
14609.0,0.5614386197396404,0
14616.0,0.6384773848604849,0
14618.0,0.8006805734906377,0
14619.0,0.6761986617519677,0
14620.0,0.535916129014669,0
14621.0,0.3861573946109066,0
14622.0,0.6388407073090816,0
14623.0,0.3216211911215773,0
14625.0,0.46129096633110733,0
14626.0,0.3962635181206895,0
14628.0,0.4563332574233446,0
14631.0,0.5622574240326927,0
14632.0,0.7482920186022879,0
14633.0,0.6890378014288032,0
14636.0,0.7051618314513404,0
14639.0,0.26254242552031865,0
14640.0,0.2954217608515843,0
14643.0,0.48302198548366176,0
14644.0,0.7624307312648254,0
14645.0,0.4876056040798724,0
14646.0,0.00014284981078097807,0
14647.0,0.6419848843279518,0
14649.0,0.4975718606383556,0
14651.0,0.5784511679777421,0
14653.0,0.7049231808442641,0
14655.0,0.68073953254675,0
14656.0,0.4318929912734919,0
14657.0,0.3517439455393768,0
14658.0,0.6340382950114821,0
14659.0,0.1916245586498848,0
14660.0,0.6233469553130893,0
14662.0,0.4109909073981435,0
14665.0,0.5589467391059725,0
14667.0,0.014670371484330048,0
14669.0,0.3546686720579461,0
14670.0,0.4837028183128133,0
14672.0,0.48710425374452127,0
14673.0,0.7578400302792271,0
14676.0,0.38039518338971573,0
14680.0,0.04209724707989197,0
14681.0,0.7391143033990666,0
14682.0,0.731656422022149,0
14684.0,0.40475389452410543,0
14687.0,0.6092420147506935,0
14688.0,0.02690737343175669,0
14689.0,0.692302656704158,0
14690.0,0.6014181377723666,0
14691.0,0.42003894588763796,0
14692.0,0.31496575451551334,0
14693.0,0.7465802675168814,0
14696.0,0.222967189923204,0
14697.0,0.5687456204775015,0
14699.0,0.7243999892286777,0
14700.0,0.4622382196846093,0
14701.0,0.1481693888578706,0
14702.0,0.10474446115711372,0
14704.0,0.4472809845114292,0
14705.0,0.7989798136392703,0
14708.0,0.5341720280509421,0
14709.0,0.10935433229688625,0
14711.0,0.0857289496314459,0
14712.0,0.6761470946842795,0
14713.0,0.09484450044189788,0
14715.0,0.35455169162704875,0
14716.0,0.62833479723181,0
14719.0,0.44376405131801355,0
14720.0,0.6664446550748134,0
14722.0,0.6001098996467749,0
14723.0,0.5883841387521584,0
14727.0,0.7365590226999374,0
14729.0,0.6679905310821692,0
14730.0,0.19851127833480597,0
14731.0,0.6290621821342424,0
14732.0,0.24678544572578268,0
14733.0,0.07095931489674924,0
14735.0,0.008987413682946732,0
14737.0,0.5065646693838279,0
14738.0,0.29961079326585305,0
14739.0,0.31109653358733447,0
14740.0,0.3747235884808133,0
14741.0,0.3418798663137044,0
14744.0,0.45141750696370353,0
14745.0,0.2583340238495597,0
14747.0,0.6866645506670555,0
14748.0,0.28038863892019655,0
14754.0,0.7252697689559446,0
14755.0,0.14731475531754484,0
14758.0,0.31515558186383125,0
14759.0,0.4162478100798294,0
14760.0,0.7886011454804811,0
14761.0,0.7890668993642957,0
14762.0,0.6852490306202397,0
14765.0,0.5658733807406837,0
14766.0,0.2969641542504845,0
14768.0,0.7146010186052854,0
14769.0,0.11558645194248252,0
14770.0,0.49909736463911036,0
14772.0,0.6591785630189206,0
14775.0,0.4367817512053253,0
14776.0,0.15172870375452058,0
14778.0,0.4452013275051705,0
14779.0,0.5101119002858294,0
14782.0,0.7853829401899115,0
14784.0,0.807317526161709,0
14790.0,0.48241674646480714,0
14794.0,0.3808551723240455,0
14795.0,0.7138280439585405,0
14796.0,0.028053283899628054,0
14798.0,0.584309075377933,0
14800.0,0.08446437994815725,0
14803.0,0.4174510802057068,0
14805.0,0.7257253663863055,0
14808.0,0.18287010694523045,0
14810.0,0.08655796053330064,0
14813.0,0.654628484613157,0
14816.0,0.7455661313281223,0
14817.0,0.47255776328121535,0
14818.0,0.5186448252125404,0
14819.0,0.7636127076089971,0
14820.0,0.7008206637623277,0
14821.0,0.8499754446013517,0
14823.0,0.4298337542250154,0
14824.0,0.6028509636740261,0
14825.0,0.17122380031781073,0
14828.0,0.4820329553003869,0
14829.0,0.433520538429664,0
14834.0,0.49752413728724115,0
14837.0,0.3179093514400048,0
14840.0,0.7871541797592532,0
14841.0,0.2981095803653358,0
14842.0,0.3058484397639627,0
14844.0,0.3415900949266788,0
14847.0,0.6501928844802953,0
14849.0,0.021015574494391086,0
14850.0,0.7109521492472745,0
14851.0,0.7095399405153562,0
14852.0,0.22738166187821865,0
14853.0,0.7667055074318253,0
14854.0,0.1912818489525882,0
14855.0,0.5329753828724768,0
14857.0,0.58961190280207,0
14859.0,0.6932469351708443,0
14862.0,0.6174077367510058,0
14865.0,0.8414434614634305,0
14866.0,0.3384074303107185,0
14867.0,0.44017289235013707,0
14868.0,0.296778449265831,0
14869.0,0.525312813940065,0
14870.0,0.7133618017374767,0
14871.0,0.41100425525402196,0
14873.0,0.6305115370152937,0
14875.0,0.406536487297801,0
14878.0,0.24206793626863798,0
14880.0,0.5221393748749645,0
14883.0,0.5161123090648149,0
14885.0,0.6229950182156427,0
14886.0,0.6875520482601007,0
14888.0,0.6547183012875383,0
14889.0,0.7708313591765369,0
14890.0,0.7502423446749775,0
14891.0,0.4896459055409664,0
14895.0,0.037039201087631625,0
14896.0,0.4856826531524148,0
14897.0,0.7502852169182769,0
14898.0,0.25479244941182283,0
14901.0,0.24637828266049128,0
14903.0,0.2224487444150191,0
14905.0,0.5426955442496215,0
14907.0,0.20214872929368963,0
14911.0,1.0103646778376012e-09,0
14912.0,0.6979572394408572,0
14913.0,0.38630612850013946,0
14915.0,0.5020400954396909,0
14916.0,0.335511690752105,0
14918.0,0.43624206597028825,0
14920.0,0.48006007766637293,0
14921.0,0.5736079648971183,0
14924.0,0.7206657239533552,0
14930.0,0.2940748729857129,0
14931.0,0.6107676824273031,0
14932.0,0.7501902749278183,0
14934.0,0.6466676008902427,0
14935.0,0.7353886929912355,0
14936.0,0.2834814854259576,0
14937.0,0.632247920333513,0
14944.0,0.15572341741645515,0
14947.0,0.6610335598634336,0
14948.0,0.31369894106740365,0
14952.0,0.19332367786443358,0
14957.0,0.7258949357504892,0
14958.0,0.4152353197922418,0
14959.0,0.3851964157588745,0
14960.0,0.7697476894045528,0
14961.0,0.1243296294440519,0
14962.0,0.7745451448122808,0
14963.0,0.5984710495774147,0
14964.0,0.7091788606368417,0
14965.0,0.385193227373048,0
14970.0,0.4756632808730753,0
14972.0,0.6239607113073243,0
14973.0,0.39072561059570843,0
14976.0,0.3124320702800485,0
14978.0,0.31677444727061116,0
14981.0,0.7411395962354411,0
14984.0,0.6632802327896653,0
14985.0,0.44090875000139784,0
14987.0,0.8442318868639128,0
14988.0,0.6091123133536428,0
14995.0,0.6643263986637965,0
14997.0,0.6958213072100441,0
14998.0,0.4382195605895814,0
15002.0,0.26091213820284903,0
15004.0,0.4536001507977456,0
15005.0,0.01016675754617944,0
15007.0,0.6671506276978809,0
15012.0,0.6987570723756353,0
15014.0,0.7702866445035377,0
15016.0,0.6400892948706755,0
15018.0,0.595168385925098,0
15019.0,0.6106055768127417,0
15021.0,0.1989716011785168,0
15023.0,0.09491042122760485,0
15024.0,0.24393195057013053,0
15026.0,0.5840198121892227,0
15027.0,0.4379630930206242,0
15028.0,0.7663743529893188,0
15030.0,0.7940955585718674,0
15031.0,0.42827950746618954,0
15032.0,0.48479083325726546,0
15033.0,0.15028348836467148,0
15034.0,0.24878969438653356,0
15036.0,0.6566027080930554,0
15038.0,0.30880688223678987,0
15039.0,0.00038364452142896103,0
15041.0,0.5508746360574898,0
15042.0,0.7402177997078069,0
15044.0,0.048062499118138174,0
15045.0,0.5493604772047693,0
15046.0,0.06572687535082279,0
15047.0,0.6845990681233284,0
15048.0,0.33504725330630625,0
15049.0,0.797513053928676,0
15051.0,0.5818643631964652,0
15052.0,0.7025329498827124,0
15053.0,0.48874148672031353,0
15057.0,0.5893404542798069,0
15058.0,0.14589319725826436,0
15059.0,0.14213153310925802,0
15061.0,0.0007861383023558751,0
15062.0,0.44555555557777843,0
15063.0,0.7405203385064237,0
15065.0,0.3181723061112767,0
15067.0,0.6540095348805538,0
15068.0,0.6410413314092975,0
15069.0,0.5365042005033653,0
15070.0,0.8641822831192674,0
15071.0,0.4422174610529811,0
15073.0,0.8509456558817101,0
15074.0,0.5330479103451822,0
15076.0,0.5612434060802206,0
15078.0,0.010170313047669657,0
15079.0,0.36888181435739126,0
15081.0,0.565841991185481,0
15083.0,0.7703508792200136,0
15087.0,0.7158703482773282,0
15089.0,0.2921484984098911,0
15090.0,0.7025390650914787,0
15092.0,0.5527998484606621,0
15093.0,0.24620802099455297,0
15095.0,0.32911953959270207,0
15098.0,0.5899261199253303,0
15100.0,0.7155795877170318,0
15101.0,0.8220421868442908,0
15104.0,0.4509334867375579,0
15105.0,0.611254502734412,0
15106.0,0.3547893148187056,0
15107.0,0.42143533843951514,0
15108.0,0.32124636591579225,0
15109.0,0.6519960578573953,0
15110.0,0.5178650608084315,0
15111.0,0.7583778872196459,0
15114.0,0.1531845211020591,0
15116.0,0.5001402875382639,0
15117.0,0.4570349370995326,0
15118.0,0.7689957658137795,0
15119.0,0.7017497802154345,0
15120.0,0.6067827363207728,0
15121.0,0.7088216547240136,0
15122.0,0.3351212545719521,0
15123.0,0.5753481450347231,0
15124.0,0.7067987942872267,0
15125.0,0.060088356515536574,0
15128.0,0.3476324604013051,0
15129.0,0.10317844404803955,0
15130.0,0.6262953774836477,0
15132.0,0.35698889390069655,0
15133.0,0.4007784277772876,0
15134.0,0.3525935587161999,0
15135.0,0.7290722431008666,0
15136.0,0.5556058404906188,0
15139.0,0.6112686729547335,0
15140.0,0.25104069885970975,0
15143.0,0.6909483910159867,0
15144.0,0.08321347983536692,0
15145.0,0.5504801513010347,0
15146.0,0.39858798293166114,0
15147.0,0.6470481494356679,0
15149.0,0.5971348549506895,0
15150.0,0.1736931070365471,0
15152.0,0.17711758395355823,0
15157.0,0.3838861567962417,0
15159.0,0.01655958306925721,0
15160.0,0.8190524166572566,0
15163.0,0.6972033070407649,0
15164.0,0.47988919257650836,0
15165.0,0.7254136836921535,0
15167.0,0.6812934236315975,0
15171.0,0.7878778036411822,0
15172.0,0.36189488052925933,0
15174.0,0.7593873823743006,0
15178.0,0.7981641851571222,0
15179.0,0.44929299588260835,0
15180.0,0.8101204274095289,0
15181.0,0.5778717592789483,0
15182.0,0.49756304626340264,0
15184.0,0.6482361233349951,0
15186.0,0.6809255335137776,0
15187.0,0.21749755002552323,0
15189.0,0.001414736407154465,0
15192.0,0.3771439972333433,0
15194.0,0.06651493496202607,0
15197.0,0.596602641800872,0
15198.0,0.5341897457590418,0
15199.0,0.49310854566660867,0
15201.0,0.3460673101669464,0
15203.0,0.2716930507599024,0
15204.0,0.7804343373092005,0
15205.0,0.5910300459087231,0
15206.0,0.5256956457868485,0
15208.0,0.529870913580114,0
15210.0,0.6660613110284492,0
15211.0,0.7325254437020007,0
15212.0,0.7624804934486028,0
15213.0,0.7008867042123236,0
15214.0,0.4778366857981897,0
15215.0,0.6046250551831831,0
15218.0,0.1376712313366721,0
15219.0,0.689709567152297,0
15220.0,0.22727947041356805,0
15221.0,0.809011397959197,0
15222.0,0.7868191050740003,0
15223.0,0.6099588699533166,0
15224.0,0.8701919763162985,0
15225.0,0.6602773549690679,0
15226.0,0.7692338873827215,0
15227.0,0.44930470385502574,0
15228.0,0.32774204232859694,0
15230.0,0.9440890974688866,0
15232.0,0.47490441938243594,0
15234.0,0.7204566657366692,0
15235.0,0.07462263735671539,0
15236.0,0.7244635908781029,0
15237.0,0.4678377195373931,0
15238.0,0.42637270776570996,0
15240.0,0.4437233084812481,0
15241.0,0.2028019848345333,0
15244.0,0.6983164084163003,0
15245.0,0.35992600086578597,0
15246.0,0.53505956398927,0
15247.0,0.682451689819917,0
15249.0,0.05733322313276527,0
15251.0,0.11873026887721246,0
15252.0,0.6660202384761237,0
15253.0,0.6721163504265771,0
15254.0,0.6154829326394455,0
15256.0,0.7062534581770022,0
15257.0,0.7587405431406926,0
15258.0,0.4965907307696503,0
15260.0,0.16367290914245639,0
15261.0,0.6179424760812969,0
15262.0,0.7630845692305102,0
15263.0,0.6358972135238911,0
15265.0,0.40636984194715625,0
15266.0,0.7965150211118428,0
15267.0,0.5897056356483885,0
15270.0,0.2995960171086068,0
15271.0,0.08098657077396368,0
15279.0,0.7399538399629025,0
15280.0,0.6584135593180285,0
15281.0,0.12958209104794188,0
15288.0,0.29707739625105906,0
15289.0,0.44592318985616725,0
15290.0,0.07009245569924633,0
15291.0,0.06628732473387727,0
15292.0,0.6443409152881301,0
15296.0,0.20419418572244644,0
15298.0,0.14665128229304253,0
15299.0,0.3931567003912458,0
15301.0,0.09693991164618163,0
15303.0,0.6699734153783259,0
15304.0,0.33060400201018353,0
15306.0,0.4441822748356543,0
15307.0,0.6270505897455659,0
15308.0,0.6974955945013683,0
15311.0,3.568695434958535e-06,0
15312.0,0.37517407018905735,0
15313.0,0.7674333582682515,0
15314.0,0.6383956134112125,0
15315.0,0.6190408689666352,0
15316.0,0.8475596792834139,0
15319.0,0.715923708402865,0
15321.0,0.6511512365204138,0
15325.0,0.5345367611258305,0
15326.0,0.7029441532533196,0
15329.0,0.45188745751568,0
15332.0,0.8280215016865711,0
15333.0,0.6622159492702475,0
15334.0,0.38846913373279435,0
15339.0,0.6749908269523697,0
15342.0,0.5936239602567591,0
15346.0,0.7362343365440505,0
15347.0,0.8127035424564086,0
15349.0,0.4443954021508255,0
15350.0,0.8183404135816813,0
15351.0,0.6897510891718619,0
15353.0,0.4976162331494014,0
15356.0,0.1021174634091051,0
15358.0,0.027918532685290626,0
15361.0,0.7923153334936076,0
15363.0,0.7575993148663617,0
15364.0,0.4358152964011028,0
15365.0,0.4000672123973596,0
15366.0,0.7928167249211832,0
15367.0,0.5040433648736613,0
15370.0,0.3100355362895627,0
15372.0,0.5765496373188073,0
15373.0,0.11848289638504822,0
15374.0,0.7275956339822962,0
15376.0,0.36955223525437725,0
15379.0,0.1547537684228581,0
15380.0,0.5021495657007801,0
15381.0,0.622021086012289,0
15382.0,0.3003509662098293,0
15384.0,0.47358394156434447,0
15386.0,0.6108064085693128,0
15388.0,0.738894542433839,0
15389.0,0.781879155375429,0
15392.0,0.741919815391406,0
15393.0,0.7569734577164668,0
15394.0,0.4748363206215288,0
15395.0,0.7845774347319436,0
15396.0,0.6241219638423473,0
15397.0,0.7765188389179019,0
15400.0,0.33010559861387734,0
15402.0,0.4753290480435344,0
15405.0,0.702878696123843,0
15406.0,0.6620513769936589,0
15407.0,0.39141960861932373,0
15408.0,0.6545020926626569,0
15410.0,0.17734699644271215,0
15411.0,0.49421038992083516,0
15412.0,0.6840076802848009,0
15414.0,0.7693402667519945,0
15415.0,0.6563871691807789,0
15416.0,0.3097934283327871,0
15421.0,0.4570740504847706,0
15422.0,0.7148467943560911,0
15424.0,0.6030637757076147,0
15426.0,0.46019248136119234,0
15433.0,0.5131488430135919,0
15434.0,0.3915395080506915,0
15436.0,0.5349818434513687,0
15437.0,0.6375619472757736,0
15438.0,0.5998732688430657,0
15440.0,0.4958856766111159,0
15442.0,0.7926482974793393,0
15443.0,0.37656732869497617,0
15445.0,0.772479639053571,0
15447.0,0.7725455682841922,0
15448.0,0.6902641085763104,0
15449.0,0.5077373770047328,0
15452.0,0.6511573539905261,0
15453.0,0.2510256072596755,0
15454.0,0.736153204341926,0
15456.0,0.48783727774314783,0
15457.0,0.6188560753222193,0
15460.0,0.6778711858815795,0
15462.0,0.46929445008766874,0
15464.0,0.5779815645809535,0
15465.0,0.04677349383952676,0
15467.0,0.5071510017046199,0
15469.0,0.6193264872781963,0
15472.0,0.49680311866220567,0
15480.0,0.5314131991778486,0
15482.0,0.3953395689137221,0
15483.0,0.31738506963431884,0
15485.0,0.6176967838863655,0
15488.0,0.7311182260952569,0
15489.0,0.6480192302525537,0
15491.0,0.16892767401867725,0
15493.0,0.315645697867031,0
15494.0,0.48188368533784864,0
15497.0,0.750358261287371,0
15498.0,0.012811664499152687,0
15502.0,0.19440334899330186,0
15503.0,0.6705170152539608,0
15505.0,0.3813542097668932,0
15506.0,0.5582115035517268,0
15507.0,0.5789776600227854,0
15508.0,0.23563698357147134,0
15510.0,0.8470397972831563,0
15512.0,0.5856485527770076,0
15513.0,0.020127775679762226,0
15514.0,0.2677822240596576,0
15517.0,0.6521195148696514,0
15518.0,0.14730564240267557,0
15521.0,0.13975716258646273,0
15525.0,0.6980019444606312,0
15527.0,0.2509358855710109,0
15528.0,0.6681163827858505,0
15529.0,0.10236761145071452,0
15530.0,0.3528774557367124,0
15532.0,0.28404689052427695,0
15535.0,0.33641648024505133,0
15537.0,0.6253709906633785,0
15541.0,0.5834383487632578,0
15543.0,0.6917579547196437,0
15544.0,0.1523995060735734,0
15545.0,0.7248910989567183,0
15547.0,0.0990082762154163,0
15549.0,0.38569405547379443,0
15550.0,0.3747646812418619,0
15552.0,0.6820403326515948,0
15554.0,0.7202980614315286,0
15555.0,0.06569874389539587,0
15561.0,0.47177678527318745,0
15562.0,0.8566411024865728,0
15563.0,0.460751982343361,0
15569.0,0.27859032969257763,0
15570.0,0.09508807951293842,0
15572.0,0.25153136309522417,0
15574.0,0.2806050396630706,0
15577.0,0.40878699145429737,0
15578.0,0.6653348228895373,0
15579.0,0.7046963557320457,0
15581.0,0.04823472052053703,0
15582.0,0.4380315079928869,0
15584.0,0.5947867603411054,0
15585.0,0.6034086745937993,0
15587.0,0.6095021694499151,0
15589.0,0.5112159816809017,0
15594.0,0.40884030431574503,0
15596.0,0.24427811977197325,0
15599.0,0.62557004742759,0
15601.0,0.060593917462884554,0
15602.0,0.3896075238556218,0
15605.0,0.4743186825269037,0
15606.0,0.15398375654198476,0
15607.0,0.7588344431634793,0
15608.0,0.6115797477379489,0
15609.0,0.6578612248870698,0
15611.0,0.18591731292792887,0
15615.0,0.014801286230674232,0
15618.0,0.41081604549519846,0
15620.0,0.46999872085482025,0
15622.0,0.24637859589833613,0
15623.0,0.6202568774599595,0
15624.0,0.3482527989588251,0
15625.0,0.3031447822254405,0
15626.0,0.72441113155837,0
15628.0,0.2328168241986976,0
15630.0,0.6490636703558866,0
15632.0,0.1946561476613471,0
15636.0,0.7516376206523631,0
15639.0,0.5934015269865051,0
15640.0,0.0606145082845369,0
15641.0,0.24887824475104364,0
15643.0,0.45015546947819574,0
15644.0,0.26321781633542096,0
15646.0,0.4111988853672993,0
15648.0,0.5431272657887061,0
15649.0,0.784391942445306,0
15651.0,0.7028388713542607,0
15652.0,0.5809564490772101,0
15653.0,0.5754727195398812,0
15655.0,0.6361127228802615,0
15656.0,0.4339511704893326,0
15658.0,0.3106431547759372,0
15660.0,0.2434951873179896,0
15661.0,0.7524876748407623,0
15663.0,0.6557280235968191,0
15665.0,0.40185574242202127,0
15668.0,0.8113582740742267,0
15669.0,0.39056968125838326,0
15670.0,0.7404224086312351,0
15671.0,0.2448627005484932,0
15673.0,0.34502423544771454,0
15674.0,0.3843185484238147,0
15675.0,0.5348190335794792,0
15676.0,0.6145855077261878,0
15679.0,0.5415479783098998,0
15680.0,0.7154394720624347,0
15681.0,0.46769697158059065,0
15683.0,0.6527741791759689,0
15687.0,0.27141377137875217,0
15689.0,0.5433791094266919,0
15690.0,0.6613633159658988,0
15691.0,0.8025561948560963,0
15694.0,0.16854446072305718,0
15695.0,0.592354336121789,0
15696.0,0.23689709185894225,0
15700.0,0.7477952574045884,0
15701.0,0.45290085198490954,0
15703.0,0.7686642007317449,0
15704.0,0.28903230697575916,0
15705.0,0.7314741761998167,0
15706.0,0.5706103237913479,0
15708.0,0.18688529161847184,0
15709.0,0.7716775422335473,0
15712.0,0.3852122284239525,0
15713.0,0.5040112790502378,0
15716.0,0.2752271597319666,0
15717.0,0.7396771633907303,0
15719.0,0.05348010064925474,0
15722.0,0.3806538532740926,0
15723.0,0.7073626857467515,0
15724.0,0.5969867540883752,0
15727.0,0.14782367866580715,0
15729.0,0.7497276858296592,0
15730.0,0.4059655569165149,0
15732.0,0.5808859238740477,0
15733.0,0.7439198010441178,0
15734.0,0.46355824136904905,0
15737.0,0.285970108517669,0
15738.0,0.05871272777053764,0
15743.0,0.4586367889614319,0
15745.0,0.6799539628591101,0
15746.0,0.5915806499554952,0
15747.0,0.47684837632404786,0
15749.0,0.5644400823445269,0
15750.0,0.27662960851063223,0
15752.0,0.14167133185460032,0
15753.0,0.8434073326861861,0
15754.0,0.756668810384807,0
15755.0,0.33371437226680917,0
15756.0,0.3280932252930705,0
15757.0,0.6779131078343517,0
15759.0,0.5808459630399976,0
15764.0,0.1918580180934621,0
15768.0,0.4176741441276698,0
15769.0,0.022326718622856952,0
15775.0,0.7475060059908674,0
15776.0,0.6209487031477562,0
15777.0,0.45040085030536814,0
15780.0,0.4523108233867398,0
15781.0,0.5439581766873443,0
15785.0,0.33989950302818456,0
15786.0,0.41925329368102177,0
15789.0,0.724550158237341,0
15791.0,0.5715240559786272,0
15793.0,0.7901132397407831,0
15795.0,0.5613238375986488,0
15796.0,0.2398701804064892,0
15797.0,0.40522934463257515,0
15799.0,0.48508334472383624,0
15800.0,0.34789084035558643,0
15801.0,0.657539050200776,0
15802.0,0.7689150678041972,0
15804.0,0.1923535805328617,0
15805.0,0.06428689034688259,0
15806.0,0.5173529240105141,0
15808.0,0.3502408061119699,0
15809.0,0.4015951355166176,0
15810.0,0.3738675688108229,0
15811.0,0.21628533305323436,0
15812.0,0.2657833656889051,0
15813.0,0.5097600868864082,0
15815.0,0.3585022226560778,0
15819.0,0.3304418260297696,0
15820.0,0.7309746980557309,0
15822.0,0.7493831475674174,0
15823.0,0.8718685957754017,0
15825.0,0.6309001292300751,0
15826.0,0.627867465491467,0
15827.0,0.05895979255237771,0
15829.0,0.4230441112316192,0
15831.0,0.4772316015402909,0
15832.0,0.606180881881066,0
15834.0,0.30402784009790357,0
15835.0,0.40303642673740947,0
15838.0,0.0689158852758785,0
15839.0,0.6209856747814081,0
15840.0,0.6483848769340738,0
15841.0,0.5574117099592215,0
15843.0,0.7676040763277564,0
15845.0,0.24526919397583644,0
15847.0,0.7518029270071269,0
15850.0,0.5890655095101495,0
15852.0,0.5847240907604211,0
15854.0,0.12180629927481305,0
15855.0,0.2605741055860753,0
15856.0,0.0175986177489146,0
15858.0,0.4952215020736974,0
15860.0,0.18377517698992438,0
15861.0,0.28706307572124673,0
15862.0,0.3098146913462013,0
15863.0,0.7922468024924376,0
15864.0,0.4457936720630859,0
15865.0,0.6742415383732261,0
15866.0,0.5370097931907105,0
15867.0,0.04714350881092053,0
15869.0,0.64248968598146,0
15874.0,0.22178577712900566,0
15880.0,0.6425331006598449,0
15881.0,0.4347963895867528,0
15882.0,0.40922024556006303,0
15885.0,0.4187508647607148,0
15889.0,0.40318634866403424,0
15891.0,0.5847256951029607,0
15894.0,0.5453332823002678,0
15895.0,0.6659349009076766,0
15897.0,0.5699817783653937,0
15898.0,0.35161895285222194,0
15899.0,0.8283970675866948,0
15901.0,0.6199040625615709,0
15903.0,0.5719884871191178,0
15906.0,0.3170465384327795,0
15907.0,0.4287143749457965,0
15909.0,0.7062402661880839,0
15910.0,0.19428379803446746,0
15912.0,0.5478205400281267,0
15916.0,0.2837785535633584,0
15917.0,0.7175944057674418,0
15918.0,0.5094234401067349,0
15919.0,0.7057596413708003,0
15920.0,0.3421847589745965,0
15921.0,0.6218380563534696,0
15922.0,0.7768118879512613,0
15923.0,0.7486248720752051,0
15925.0,0.6849681269876915,0
15932.0,0.1941077982600302,0
15935.0,0.8496245702186429,0
15938.0,0.32990265255968365,0
15939.0,0.05572546981767597,0
15940.0,0.8493309164524188,0
15942.0,0.6355741435860243,0
15944.0,0.7629018653054244,0
15945.0,0.8437590940135526,0
15950.0,0.37307777145587084,0
15951.0,0.6928636009852474,0
15952.0,0.5102908831073605,0
15953.0,0.39632134136351466,0
15955.0,0.13579248478746694,0
15965.0,0.7598945091250644,0
15967.0,0.692685205038988,0
15969.0,0.6882396658842274,0
15970.0,0.7447505373954921,0
15971.0,0.2420017871175092,0
15973.0,0.8190953993261532,0
15974.0,0.1644315549412739,0
15976.0,0.4249452477350609,0
15980.0,0.6763299135478751,0
15981.0,0.2448209298925784,0
15983.0,0.5953676349728425,0
15984.0,0.1268141451293025,0
15985.0,0.45731345120799255,0
15987.0,0.20549171483149004,0
15990.0,0.6906227443931587,0
15996.0,0.2232486951934583,0
15998.0,0.2722112776119119,0
16003.0,0.3572112212808184,0
16005.0,0.4399682147276207,0
16006.0,0.7233491998565978,0
16007.0,0.4045979749386577,0
16008.0,0.7331934890323217,0
16009.0,0.5496452858123448,0
16010.0,0.4355544316295563,0
16011.0,0.06050016923124321,0
16012.0,0.43524791747848224,0
16013.0,0.001185509815504299,0
16014.0,0.37922610092477677,0
16016.0,0.3082708917807148,0
16018.0,0.6645517018765876,0
16019.0,0.16426363186876866,0
16022.0,0.5952332232722001,0
16023.0,0.4647223628608164,0
16027.0,0.27310094322199846,0
16029.0,5.5171845772417235e-05,0
16030.0,0.6915734760501063,0
16031.0,0.3562260930550601,0
16033.0,0.019957428713885245,0
16034.0,0.4847225028940826,0
16036.0,0.7279965967734915,0
16037.0,0.486054944550696,0
16038.0,0.5414427009690002,0
16040.0,0.44862173114482146,0
16041.0,0.5911917305451998,0
16042.0,0.45118990900075767,0
16043.0,0.48483615923419887,0
16045.0,0.28301372626766813,0
16048.0,0.7198235156628381,0
16050.0,0.6875442449222476,0
16053.0,0.5087851701808422,0
16054.0,0.5174797622400146,0
16055.0,0.726050512625027,0
16057.0,0.18519066678069268,0
16059.0,0.28732817462885707,0
16062.0,0.38732846118008396,0
16063.0,0.6767928238790119,0
16065.0,0.6600483556070428,0
16066.0,0.684463444710899,0
16072.0,0.6883852419370972,0
16073.0,0.8389631488923157,0
16076.0,0.22732821921451435,0
16078.0,0.8360595644213383,0
16080.0,0.7761894655702595,0
16081.0,0.3925497746384716,0
16083.0,0.4214124843991206,0
16084.0,0.6634912640937523,0
16085.0,0.5132913741492059,0
16086.0,0.34372865091837773,0
16091.0,0.5432424612315658,0
16092.0,0.37860455887628924,0
16093.0,0.7723612290584044,0
16094.0,0.6793204750139428,0
16096.0,0.7198162280104133,0
16097.0,0.7216541219267152,0
16098.0,0.241778421872774,0
16099.0,0.4835592533996914,0
16102.0,0.4222038274868621,0
16103.0,0.37710217417255,0
16105.0,0.7061895684807902,0
16107.0,0.42825202837806237,0
16109.0,0.565754511634496,0
16110.0,0.4369192868069165,0
16112.0,0.40468273297118235,0
16113.0,0.6186617780076266,0
16114.0,0.6993952240792595,0
16115.0,0.20865049967180146,0
16116.0,0.6159124602998157,0
16117.0,0.6193635464422707,0
16121.0,0.5828400366121068,0
16122.0,0.40623704133984195,0
16124.0,0.7531115800153189,0
16125.0,0.7670396301379157,0
16126.0,0.3535234694971348,0
16128.0,0.4608794370500868,0
16131.0,0.3059290738212822,0
16133.0,0.007307625170401387,0
16134.0,0.7522422455067717,0
16135.0,0.6805964256526704,0
16136.0,0.7534505387888892,0
16139.0,0.5202545053704072,0
16140.0,0.8033167252932741,0
16142.0,0.6341162101005894,0
16143.0,0.22749613200851432,0
16144.0,0.8183914194287052,0
16145.0,0.11859276376792063,0
16146.0,0.4395827643288287,0
16147.0,0.603080692961615,0
16148.0,0.84081175720687,0
16149.0,0.6625750401627055,0
16150.0,0.3434310642684053,0
16152.0,0.6526777435528357,0
16153.0,0.2998780430655128,0
16156.0,0.2615899467344656,0
16159.0,0.7190902002389895,0
16161.0,0.05623313377970549,0
16162.0,0.8095559695301666,0
16163.0,0.644685494743668,0
16168.0,0.02424427901772534,0
16170.0,0.21679652372135164,0
16172.0,0.24312919566687094,0
16173.0,0.4293311219824945,0
16174.0,0.44004479031811344,0
16175.0,0.2963678327775125,0
16178.0,0.6787729133263122,0
16180.0,0.12151250175710858,0
16182.0,0.477438799509633,0
16184.0,0.2971491449819148,0
16185.0,0.6733878972581626,0
16186.0,0.11292899130938616,0
16187.0,0.053062189044507935,0
16188.0,0.37902346640144996,0
16191.0,0.24144087487093524,0
16193.0,0.6761530008849083,0
16200.0,0.5473008783134413,0
16201.0,0.6003952750254126,0
16202.0,0.7444985042736642,0
16203.0,0.44842227182133326,0
16205.0,0.6266760152498716,0
16206.0,0.36831008599848986,0
16208.0,0.6530805553097112,0
16209.0,0.32605259609669734,0
16210.0,0.08236869544897987,0
16212.0,0.6692421571846358,0
16214.0,0.4205266078785247,0
16216.0,0.6406278158336621,0
16217.0,0.615407176798433,0
16218.0,0.20945410129073644,0
16221.0,0.5764319185478674,0
16222.0,0.5865472922068913,0
16224.0,0.3621971878669189,0
16225.0,0.2769181562279777,0
16226.0,0.5812258415673788,0
16227.0,0.7383141213922932,0
16229.0,0.6909334447981433,0
16230.0,0.520396299909273,0
16232.0,0.43771005935482804,0
16233.0,0.7054517074364353,0
16235.0,0.4349319311248675,0
16239.0,0.6638489135657671,0
16241.0,0.06421419578753933,0
16242.0,0.3817510263960687,0
16244.0,0.4261936120677689,0
16245.0,0.41860978910167906,0
16247.0,0.6571442700114413,0
16249.0,0.3044080519791916,0
16250.0,0.5811937399241817,0
16253.0,0.6022845112124832,0
16255.0,0.13364499607472002,0
16256.0,0.7100929072438419,0
16257.0,0.7758581056554061,0
16258.0,0.28163832333530214,0
16261.0,0.3970238640901232,0
16265.0,0.13674946215933836,0
16266.0,0.23158788876525058,0
16270.0,0.6632749748309256,0
16271.0,0.3615156096021069,0
16272.0,0.5823362659038482,0
16274.0,0.6721166888336677,0
16275.0,0.6095620233741804,0
16276.0,0.7061748276488566,0
16278.0,0.5756195609858668,0
16279.0,0.6517079211473081,0
16282.0,0.7660384810075852,0
16283.0,0.35731179510888766,0
16287.0,0.6984941246131985,0
16292.0,0.615757001946412,0
16293.0,0.1840900981814621,0
16297.0,0.6911391743288213,0
16298.0,0.7168658397488882,0
16302.0,0.6504234013358832,0
16303.0,0.3343423936478716,0
16305.0,0.6064991120262407,0
16306.0,0.2870608749460531,0
16308.0,0.5483948830321457,0
16309.0,0.42617970542716344,0
16315.0,0.7469325489706923,0
16316.0,0.16595756352361546,0
16317.0,0.3406742973094405,0
16319.0,0.7655553278378245,0
16320.0,0.4554925457376552,0
16321.0,0.6830842037018646,0
16323.0,0.7973160656941385,0
16324.0,0.3327680674643765,0
16325.0,0.558949401730328,0
16326.0,0.12425138419352114,0
16327.0,0.2893105708266477,0
16330.0,0.5313859948652297,0
16332.0,0.3800100894251684,0
16333.0,0.030301927474340844,0
16338.0,0.6691547428289524,0
16339.0,0.7171761653561256,0
16340.0,0.45162692337975296,0
16341.0,0.6190388760796023,0
16342.0,0.4727065362008635,0
16344.0,0.7851136236532121,0
16348.0,0.26247507801091613,0
16349.0,0.7605255107705566,0
16350.0,0.7187383719914686,0
16351.0,0.779251659618695,0
16353.0,0.048610634384708626,0
16356.0,0.4944434239880441,0
16357.0,0.5870105711587971,0
16358.0,0.6326658301529698,0
16359.0,0.1825815657576961,0
16362.0,0.3894433981298488,0
16364.0,0.5886947223121257,0
16365.0,0.20129802652150147,0
16367.0,0.7147000472709372,0
16369.0,0.667754781519046,0
16370.0,0.296249413699383,0
16374.0,0.6756346394446517,0
16377.0,0.762820995295132,0
16378.0,0.5201891632795643,0
16383.0,0.6314708981908418,0
16384.0,0.674178421509414,0
16385.0,0.46749678828948354,0
16386.0,0.7811579292400341,0
16387.0,0.8079625524150356,0
16389.0,0.5661698621469319,0
16392.0,0.6459300690164979,0
16393.0,0.1018571386432523,0
16394.0,0.39126543074618203,0
16395.0,0.3537757565601623,0
16398.0,0.4064393573855699,0
16399.0,0.6469447203424487,0
16400.0,0.5625258104295574,0
16401.0,0.18244078627899907,0
16402.0,0.5197019510274615,0
16403.0,0.7579265036397221,0
16405.0,0.816450638452138,0
16407.0,0.1353618287924331,0
16409.0,0.32822998733829944,0
16411.0,0.7525454267947006,0
16414.0,0.8051923042403071,0
16418.0,0.4137787829589539,0
16419.0,0.23014911351527897,0
16422.0,0.0005010477543543399,0
16424.0,0.7363160974186571,0
16425.0,0.7066480256131222,0
16426.0,0.2778044667030818,0
16427.0,0.6847542892846801,0
16429.0,0.7305269921043743,0
16431.0,0.4299162780442098,0
16434.0,0.29354608567846296,0
16440.0,0.622306556260708,0
16441.0,0.7365831279228402,0
16442.0,0.44205164208832315,0
16444.0,0.33993868979250746,0
16446.0,0.8035758888176127,0
16447.0,0.5755503832965354,0
16448.0,0.6581434763580601,0
16449.0,0.4930663619312137,0
16450.0,0.6616398236996776,0
16455.0,0.2058398815467175,0
16456.0,0.21833324113680427,0
16457.0,0.7153043267807415,0
16458.0,0.08807989628573015,0
16461.0,0.6131351985175368,0
16462.0,0.6991085612718468,0
16463.0,0.6575512649477036,0
16464.0,0.5039766672201479,0
16466.0,0.23251893963053755,0
16469.0,0.5202533518602818,0
16470.0,0.3230743945050747,0
16471.0,0.7228698499973938,0
16473.0,0.46717196819868556,0
16474.0,0.5120943722544931,0
16475.0,0.4411987619177468,0
16477.0,0.1879754567254491,0
16483.0,0.657005804896845,0
16484.0,0.5386118778257372,0
16488.0,0.49137441275478555,0
16493.0,0.44635966139894095,0
16494.0,0.6419121573288388,0
16495.0,0.5765201263277735,0
16496.0,0.44820725008622375,0
16497.0,0.2743974454512936,0
16498.0,0.5646039376643933,0
16499.0,0.8607643832097494,0
16500.0,0.8488986628602139,0
16503.0,0.271816822727449,0
16509.0,0.7308832521645052,0
16510.0,0.7703010710983539,0
16511.0,0.3988936210368255,0
16515.0,0.2582304575066943,0
16517.0,0.7106851167644773,0
16518.0,0.7386042829824309,0
16519.0,0.8157957416779406,0
16520.0,0.33404744313597823,0
16523.0,0.04963209899666049,0
16525.0,0.012399614622835895,0
16526.0,0.6547464082368847,0
16529.0,0.6144520070192088,0
16531.0,0.32231621809209116,0
16532.0,0.6032659748062532,0
16536.0,0.5253361180433651,0
16539.0,0.45182172866898573,0
16545.0,0.7410946937091628,0
16546.0,0.5913555404728347,0
16549.0,0.3423917003976779,0
16550.0,0.18651736482776388,0
16551.0,0.379380136574099,0
16552.0,0.5840290802273806,0
16553.0,0.07682509375604557,0
16554.0,0.5604538661093249,0
16555.0,0.6567410596718175,0
16556.0,0.1702832022584315,0
16557.0,0.7000881262184881,0
16558.0,0.03425805499215613,0
16560.0,0.7352736248242747,0
16565.0,0.8313129345790116,0
16566.0,0.515362054306256,0
16567.0,0.4931327615962376,0
16570.0,0.21618645916444051,0
16571.0,0.45057773834530035,0
16572.0,0.37879469365144597,0
16573.0,0.7170939837338046,0
16581.0,0.7008105782214957,0
16582.0,0.678320069307112,0
16583.0,0.7672880394028094,0
16584.0,0.7005990917618714,0
16586.0,0.731957506279296,0
16587.0,0.7004298663856585,0
16589.0,0.5236865824819431,0
16592.0,0.09351989797218001,0
16593.0,0.5395973902788981,0
16596.0,0.8080006923417301,0
16598.0,0.7461417741440278,0
16600.0,0.5984637529837605,0
16603.0,0.5753926407801777,0
16607.0,0.09276815609761095,0
16609.0,0.2236352021995728,0
16610.0,0.7447835862599652,0
16611.0,0.7015261356017614,0
16612.0,0.37214736937821286,0
16614.0,0.6189178546592332,0
16616.0,0.669324708897803,0
16617.0,0.7571046129782725,0
16618.0,0.37056493811419244,0
16619.0,0.7126165723377145,0
16620.0,0.7716848144267898,0
16621.0,0.45826525534475393,0
16623.0,0.7628566843518194,0
16624.0,0.6443344778343766,0
16625.0,0.6847543716279871,0
16626.0,0.16331872866276673,0
16628.0,0.2798721786774685,0
16629.0,0.5283867263007201,0
16633.0,0.3566720061636935,0
16634.0,0.6145634660858602,0
16637.0,0.46521671014831006,0
16638.0,0.10730735287461504,0
16639.0,0.5731093404553976,0
16641.0,0.6321562413797323,0
16642.0,0.6751475494818717,0
16643.0,0.6544506544429128,0
16644.0,0.45570344764916804,0
16647.0,0.5796923859433776,0
16652.0,0.24359535216667283,0
16654.0,0.35486185853475216,0
16655.0,0.30067022075702177,0
16656.0,0.1058198841246157,0
16657.0,0.38424363777618586,0
16658.0,0.7961853102217177,0
16659.0,0.7827504811924646,0
16660.0,0.6403343951755897,0
16665.0,0.7876259436391463,0
16667.0,0.7028222872652745,0
16668.0,0.3552075246132393,0
16670.0,0.1104622221727739,0
16671.0,0.7316138800491986,0
16672.0,0.03278278206202837,0
16674.0,0.5605721391408505,0
16676.0,0.41139542361085474,0
16678.0,0.12977160325975579,0
16679.0,0.8334497087742313,0
16681.0,0.3946773302496374,0
16682.0,0.43004975386444116,0
16684.0,0.02132136763215821,0
16686.0,0.12735023527071213,0
16690.0,0.744207367835496,0
16692.0,0.7169930431286602,0
16693.0,0.6944937891400188,0
16696.0,0.4376192601332803,0
16697.0,0.6833933908014849,0
16698.0,0.6707444117034855,0
16700.0,0.07969598145359501,0
16701.0,0.0956190944074072,0
16705.0,0.08476671678168422,0
16706.0,0.3713399688454948,0
16709.0,0.3672279692396731,0
16710.0,0.13112299948827297,0
16711.0,0.4844700240078725,0
16712.0,0.10479010989199894,0
16713.0,0.0572306937422553,0
16714.0,0.4002131203833735,0
16716.0,0.7375122719267462,0
16717.0,0.25979063290815896,0
16718.0,0.6953406154724002,0
16719.0,0.24149457342081257,0
16721.0,0.6467362421569006,0
16722.0,0.08575158572573861,0
16723.0,0.4328723207343533,0
16725.0,0.2353777717066045,0
16726.0,0.33071539635443875,0
16727.0,0.6986626960748571,0
16728.0,0.34261702716609166,0
16729.0,0.02154452255003719,0
16730.0,0.5320053293549576,0
16734.0,0.48236792098446424,0
16735.0,0.26759885642595593,0
16738.0,0.8541559737656952,0
16739.0,0.6662338663830142,0
16743.0,0.18854025476995662,0
16744.0,0.32815460300385035,0
16745.0,0.025250612528179946,0
16746.0,0.0501091904637181,0
16748.0,0.472751598238026,0
16750.0,0.3787658302243848,0
16752.0,0.7894927059397399,0
16754.0,0.8349523495015245,0
16755.0,0.2884093597994828,0
16756.0,0.6900623389150812,0
16757.0,0.7815193295338944,0
16761.0,0.6186619258850252,0
16762.0,0.6477028353284667,0
16763.0,0.6357483056304517,0
16764.0,0.2514036059971762,0
16765.0,0.8438197156285532,0
16766.0,0.6056497734089972,0
16767.0,0.13057396768327395,0
16768.0,0.426826669615305,0
16769.0,0.6514273394904552,0
16770.0,0.34698680268349297,0
16771.0,0.38842423730974757,0
16774.0,0.43006906486892815,0
16775.0,0.1443555528787753,0
16777.0,0.6516008069089747,0
16778.0,0.7781983352666467,0
16779.0,0.031672367827588165,0
16780.0,0.4046656260582001,0
16781.0,0.7545859650274991,0
16782.0,0.11604383064833826,0
16788.0,0.3476218453146751,0
16791.0,0.21796965212627636,0
16792.0,0.6582249868329555,0
16794.0,0.26407862540506044,0
16795.0,0.6663770578632573,0
16801.0,0.30842126207745063,0
16804.0,0.702357103338578,0
16805.0,0.4037321484071969,0
16806.0,0.2793215807209654,0
16807.0,0.36617602910453967,0
16808.0,0.4701495107545392,0
16809.0,0.3637323404642734,0
16810.0,0.6664900805129357,0
16812.0,0.7528743196098032,0
16813.0,0.12296408213678262,0
16814.0,0.028072523261997433,0
16816.0,0.3358978279410782,0
16817.0,0.20904294499232484,0
16818.0,0.0936218006926099,0
16820.0,0.5644714437587323,0
16823.0,0.6300611183732874,0
16824.0,0.6621470400013121,0
16825.0,0.6821072287468949,0
16828.0,0.5542353444106006,0
16829.0,0.6692351018474049,0
16832.0,0.5303018817997378,0
16833.0,0.49786263382088825,0
16834.0,0.6532072904203017,0
16835.0,0.5378863024078316,0
16836.0,0.7432080029204564,0
16837.0,0.12716422716979298,0
16838.0,0.5310151948770144,0
16839.0,0.009695326476479587,0
16841.0,0.22998726453832793,0
16842.0,0.35140411333659943,0
16843.0,0.039758273574369965,0
16849.0,0.708684219621287,0
16850.0,0.7283849302235202,0
16852.0,0.7116360259424498,0
16858.0,0.7842919435413197,0
16859.0,0.43480363536634864,0
16861.0,0.7650771238371477,0
16863.0,0.7882448555594063,0
16866.0,0.5088705526785463,0
16869.0,0.4892904302750357,0
16871.0,0.31637464651887715,0
16872.0,0.5982283480879025,0
16873.0,0.2616703172655127,0
16875.0,0.31508899089971515,0
16877.0,0.4668079417772148,0
16880.0,0.1821480718130187,0
16882.0,0.6036199886740511,0
16883.0,0.4959054053570416,0
16885.0,0.7236211538444186,0
16889.0,0.34950251881148886,0
16891.0,0.2916466110945079,0
16892.0,0.6506128929518825,0
16893.0,0.6997662439806374,0
16897.0,0.634873852972973,0
16898.0,0.40509807171414053,0
16899.0,0.36643063301397394,0
16902.0,0.5293991639261435,0
16904.0,0.028806112092181823,0
16905.0,0.44811264781499294,0
16906.0,0.44771836959080286,0
16907.0,0.29724249563968674,0
16910.0,0.5222281863952207,0
16912.0,0.18757189034818508,0
16913.0,0.7618177381963316,0
16915.0,0.3511734199060488,0
16916.0,0.6951797574110116,0
16917.0,0.7408129070476953,0
16918.0,0.31219284488598376,0
16919.0,0.07415169585846172,0
16923.0,0.03253068724660779,0
16926.0,0.7664439374028299,0
16927.0,0.5015461375416088,0
16928.0,0.037727735420138936,0
16929.0,0.4982625933435884,0
16931.0,0.029102297478915257,0
16933.0,0.6804005335385844,0
16938.0,0.3008759680393341,0
16940.0,0.35703221540580027,0
16942.0,0.15622226227487046,0
16943.0,0.4814657211734696,0
16945.0,0.048640001749308076,0
16947.0,0.6670120425490267,0
16948.0,0.45905526736240615,0
16949.0,0.377103893663753,0
16950.0,0.4560849581424944,0
16951.0,0.34445197396444077,0
16952.0,0.521970993635085,0
16954.0,0.32822306939613516,0
16955.0,0.4137153037181529,0
16957.0,0.60786794680253,0
16960.0,0.6298695042454858,0
16961.0,0.6282433326796188,0
16963.0,0.7176274892481223,0
16965.0,0.652810113608828,0
16966.0,0.4482810441925374,0
16967.0,0.641873906967848,0
16968.0,0.6173445870076066,0
16969.0,0.472293483597767,0
16976.0,0.805373462073134,0
16979.0,0.5066007247120672,0
16980.0,0.5022505492388878,0
16983.0,0.2142905052278386,0
16984.0,0.39425937272105954,0
16985.0,0.1938918908614696,0
16987.0,0.4483035527921382,0
16989.0,0.5454254301046831,0
16990.0,0.8072027058513491,0
16992.0,0.337201514496,0
16996.0,0.3392354506417847,0
16997.0,0.6265359031011548,0
16998.0,0.5128618350879718,0
17001.0,0.1333999958399879,0
17002.0,0.5417720873887031,0
17004.0,0.559441398095795,0
17007.0,0.30226095807958053,0
17015.0,0.5077694285510731,0
17017.0,0.05030953706380284,0
17018.0,0.783881936611156,0
17019.0,0.39545470292589335,0
17024.0,0.6521200050692993,0
17025.0,0.7450635393194673,0
17026.0,0.6348409990732041,0
17027.0,0.3037967753497363,0
17029.0,0.6312072585014381,0
17031.0,0.6561993343802548,0
17033.0,0.5828486906387553,0
17034.0,0.77312705187403,0
17035.0,0.563632493243112,0
17040.0,0.6309654048563752,0
17041.0,0.4052118604507734,0
17042.0,0.28681323245910634,0
17043.0,0.5149230661293834,0
17045.0,0.42866237192579476,0
17046.0,0.6134975708218129,0
17047.0,0.5045150850405854,0
17048.0,0.37159138375354855,0
17049.0,0.21392730821239866,0
17050.0,0.1502660487782819,0
17051.0,0.6010623524437537,0
17053.0,0.6356452071898203,0
17054.0,0.3031818415700453,0
17058.0,0.49960247571596056,0
17059.0,0.20665419526919668,0
17060.0,0.7689585186576423,0
17061.0,0.10400829515131976,0
17062.0,0.4415335682248713,0
17063.0,0.3592319001777871,0
17064.0,0.4860394714163984,0
17068.0,0.02894884517236516,0
17069.0,0.25703169834798184,0
17070.0,0.5147152972895188,0
17071.0,0.21056436671994178,0
17073.0,0.5160705467078591,0
17075.0,0.46352019336223804,0
17076.0,0.6397211756872608,0
17080.0,0.8311884394184814,0
17082.0,0.7015674212131728,0
17083.0,0.40049500392163734,0
17085.0,0.21195525564315473,0
17088.0,0.4344570218977051,0
17090.0,0.3692260423067047,0
17091.0,0.14144295555828135,0
17092.0,0.43331612556875826,0
17094.0,0.7410643962097735,0
17095.0,0.5993308532190503,0
17096.0,0.498813642716011,0
17097.0,0.17791283036713643,0
17101.0,0.6523056842142736,0
17102.0,0.8335445753352011,0
17105.0,0.4075187935529733,0
17107.0,0.28725240970476545,0
17109.0,0.5065558660374357,0
17110.0,0.6703001805209768,0
17114.0,0.21509918721682295,0
17115.0,0.5163948057989336,0
17117.0,0.7546473223540922,0
17118.0,0.7610779603079793,0
17120.0,0.6781394960009594,0
17122.0,0.6787735926988715,0
17123.0,0.6803830499942969,0
17124.0,0.612471330730735,0
17126.0,0.20441575205103182,0
17128.0,0.7512697717262474,0
17133.0,0.5237110012241477,0
17134.0,0.4732122860109973,0
17135.0,0.6131869936114334,0
17138.0,0.6815417133157375,0
17139.0,0.12475688704304462,0
17140.0,0.6904380330292429,0
17142.0,0.6884335251462492,0
17146.0,0.3764597887709071,0
17147.0,0.4893675815795403,0
17152.0,0.5307554714235312,0
17155.0,0.6958601494635542,0
17157.0,0.7014071909960969,0
17158.0,0.518594217348841,0
17159.0,0.6014423715581563,0
17160.0,0.2191674894448866,0
17162.0,0.12007192367906841,0
17164.0,0.3776466451043744,0
17165.0,0.7450578758545714,0
17166.0,0.7046133642858681,0
17169.0,0.6490997534960902,0
17171.0,0.7184185419181703,0
17173.0,0.5272960022375347,0
17174.0,0.7648582794098495,0
17175.0,0.38570091472416534,0
17176.0,0.6717563853423999,0
17179.0,0.38682395640302286,0
17180.0,0.4215596626990969,0
17181.0,0.8471644616391045,0
17183.0,0.6482891428092692,0
17187.0,0.7135939353939692,0
17188.0,0.27717869506348936,0
17189.0,0.39894644839709625,0
17190.0,0.8022413700203872,0
17191.0,0.162268762632304,0
17193.0,0.6391791172748866,0
17194.0,0.5854139724958847,0
17198.0,0.7670382915014644,0
17204.0,0.34931434683618023,0
17211.0,0.20651364485221033,0
17212.0,0.7732930469339755,0
17213.0,0.24843108171132713,0
17214.0,0.3808637104187081,0
17217.0,0.7278921354950234,0
17218.0,0.27877374452309084,0
17220.0,0.06741302939050459,0
17223.0,0.5779945820278207,0
17226.0,0.7079914538580511,0
17227.0,0.47209472502699384,0
17228.0,0.3376004872171462,0
17229.0,0.43513962285804964,0
17230.0,0.2101803184203875,0
17231.0,0.1279702853674277,0
17234.0,0.6707951981052778,0
17235.0,0.7815295583608004,0
17236.0,0.27840957429806135,0
17238.0,0.06361684881574642,0
17239.0,0.7304745411905678,0
17242.0,0.44900557317461015,0
17243.0,0.025932775316927264,0
17245.0,0.7092302659393712,0
17248.0,0.5112972822785466,0
17250.0,0.6828251371415631,0
17251.0,0.7038830897922342,0
17252.0,0.38767990306118344,0
17255.0,0.6775338528821983,0
17256.0,0.5132381060144651,0
17259.0,0.374716280444393,0
17262.0,0.49630366448294366,0
17263.0,0.6596104550572673,0
17265.0,0.3879004304236663,0
17266.0,0.6395234033758546,0
17267.0,0.46727260469114523,0
17268.0,0.4515853491662073,0
17272.0,0.4627717674986905,0
17277.0,0.46937136246970407,0
17278.0,0.6958763902950338,0
17282.0,0.3329674273527236,0
17284.0,0.18175321058718036,0
17287.0,0.2592915789612782,0
17288.0,0.38920808468872475,0
17289.0,0.6165214237746328,0
17291.0,0.8357476567357847,0
17293.0,0.2638662412976597,0
17298.0,0.4572686706874744,0
17299.0,0.47223076206775505,0
17302.0,0.36746904288866067,0
17303.0,0.6807562612349654,0
17306.0,0.05350539674154889,0
17309.0,0.6401934074073072,0
17311.0,0.7014616173205364,0
17312.0,0.49211629774748195,0
17314.0,0.26412590016583376,0
17315.0,0.0018783717897436845,0
17320.0,0.3332534708361354,0
17323.0,0.2690421233029691,0
17324.0,0.665604068180061,0
17325.0,0.7722527967614775,0
17329.0,0.7313534582659202,0
17331.0,0.765963152553003,0
17334.0,0.7786207212600706,0
17337.0,0.1985905923708092,0
17338.0,0.1083376691819533,0
17339.0,0.5168481071803069,0
17340.0,0.13228716128231346,0
17341.0,0.31085501813615307,0
17343.0,0.7494149567223678,0
17345.0,0.3861222005436935,0
17346.0,0.1077440287977355,0
17348.0,0.6737090149187817,0
17349.0,0.7057588345620098,0
17351.0,0.537028967809343,0
17353.0,0.5872836868843956,0
17356.0,0.721291731713086,0
17358.0,0.5585139692709865,0
17360.0,0.5713272551984705,0
17361.0,0.5570093458309422,0
17362.0,0.5534764347228384,0
17364.0,0.16961242390956663,0
17365.0,0.21294567329299635,0
17367.0,0.6448329952694507,0
17368.0,0.19869710544913757,0
17370.0,0.4963539398505045,0
17371.0,0.8005077595517106,0
17372.0,0.177079199469308,0
17373.0,0.4780250503827969,0
17374.0,0.5525262879923218,0
17375.0,0.4005149124502979,0
17376.0,0.7466709163818738,0
17377.0,0.11108404613430238,0
17381.0,0.008019054646526443,0
17384.0,0.7700401721804857,0
17386.0,0.3425710859144576,0
17388.0,0.4644192992102241,0
17389.0,0.0068806236932360335,0
17391.0,0.6594533176047226,0
17392.0,0.5619226190026099,0
17394.0,0.7581013228268076,0
17396.0,0.2713262326245986,0
17398.0,0.39624500208275365,0
17400.0,0.19291558315029264,0
17402.0,0.1632287032339866,0
17404.0,0.0872080272423107,0
17405.0,0.5675292338967045,0
17406.0,0.47760767576493823,0
17408.0,0.7721274524555651,0
17409.0,0.5669246494182151,0
17410.0,0.46699127341158875,0
17411.0,0.7017262408967234,0
17412.0,0.38627906068867873,0
17414.0,0.7224523818505288,0
17416.0,0.18912471305379755,0
17418.0,0.7539007021146767,0
17419.0,0.13205734745494868,0
17420.0,0.5201975963057905,0
17422.0,0.21585176357940977,0
17423.0,0.6973562229436977,0
17426.0,0.21927021433218374,0
17428.0,0.011400546769742372,0
17429.0,0.39480395858031747,0
17430.0,0.8153668924280238,0
17431.0,0.667022270013446,0
17436.0,0.7646225126192479,0
17438.0,0.6912767859157308,0
17440.0,0.5705923771009249,0
17442.0,0.21275505163176595,0
17443.0,0.8016375993738851,0
17444.0,0.3185668576168173,0
17446.0,0.6155231958857803,0
17449.0,0.2370588353301494,0
17450.0,0.007294733288659421,0
17451.0,0.5829613107748142,0
17454.0,0.3428007636640791,0
17455.0,0.7173344581592712,0
17456.0,0.7526227779224159,0
17457.0,0.3236596667349905,0
17460.0,0.25476687026803785,0
17462.0,0.7186596479419902,0
17463.0,0.3471346169966138,0
17464.0,0.6800058688059833,0
17469.0,0.36423878871963716,0
17470.0,0.30371595700191034,0
17472.0,0.336733352641912,0
17481.0,0.5916596826403638,0
17483.0,0.5428357922204253,0
17486.0,0.673267051818962,0
17489.0,0.6767837821608912,0
17490.0,0.6450329445263837,0
17491.0,0.19557802161191165,0
17492.0,0.7102386991277579,0
17496.0,0.7766524151622417,0
17499.0,0.6513099685930784,0
17501.0,0.5802638044473031,0
17504.0,0.1284506268728261,0
17505.0,0.456855660583061,0
17507.0,0.49793729098775885,0
17508.0,0.6898532918629251,0
17511.0,0.007432127927872526,0
17512.0,0.16087859198673954,0
17514.0,0.5607368775164264,0
17515.0,0.42734124659257255,0
17516.0,0.27038819381879564,0
17517.0,0.7518606970691468,0
17519.0,0.2605250379421079,0
17521.0,0.7138637869018021,0
17522.0,0.3171315236479991,0
17524.0,0.804977370375521,0
17525.0,0.7796034233022284,0
17526.0,0.601369261388029,0
17527.0,0.4645604313115819,0
17530.0,0.1860341089557274,0
17531.0,0.6701556700793841,0
17535.0,0.728112876531963,0
17536.0,0.7571493592892593,0
17537.0,0.6308851101645195,0
17540.0,0.7685878919169876,0
17542.0,0.6841875397373886,0
17548.0,0.7585998933778552,0
17550.0,0.4462454132933929,0
17551.0,0.6982916593690378,0
17552.0,0.6917302978465562,0
17553.0,0.7309825878176706,0
17554.0,0.42692995644992027,0
17555.0,0.6739493659413109,0
17556.0,0.732844653896226,0
17560.0,0.2898792699421104,0
17562.0,0.32812651229864104,0
17567.0,0.17600392457189545,0
17569.0,0.701681760421434,0
17571.0,0.3564435845722525,0
17572.0,0.47932505738325787,0
17573.0,0.6330017571884085,0
17574.0,0.7351249139799184,0
17576.0,0.035543999073684156,0
17578.0,0.7492538559240502,0
17579.0,0.5367867806985654,0
17580.0,0.47447752206311083,0
17581.0,0.020515619097848617,0
17582.0,0.6547000019585018,0
17584.0,0.6162285899288257,0
17585.0,0.22475010526463873,0
17588.0,0.41318813234103,0
17589.0,0.31460958673298695,0
17591.0,0.19250366543029152,0
17593.0,0.218225835146914,0
17594.0,0.7054167079037398,0
17596.0,0.2596890208062736,0
17597.0,0.5714955010910047,0
17601.0,0.7303103975815306,0
17602.0,0.36470404319235616,0
17604.0,0.48575265616132124,0
17609.0,0.5282038197337087,0
17611.0,0.07379949776827616,0
17612.0,0.20759774051318747,0
17613.0,0.09143744158080962,0
17615.0,0.4703154046352223,0
17616.0,0.5978185014048499,0
17618.0,0.5104415707391993,0
17619.0,0.6327841466076115,0
17621.0,0.6532948543789804,0
17624.0,0.6453298136225515,0
17625.0,0.3429702341145781,0
17629.0,0.24366096461850487,0
17630.0,0.5173111181794914,0
17631.0,0.4778384303294757,0
17633.0,0.45799567299514865,0
17634.0,0.12413241031223256,0
17637.0,0.5863367435835131,0
17639.0,0.7622028011498708,0
17642.0,0.4536589186357529,0
17643.0,0.7993643664526041,0
17644.0,0.17282737322433336,0
17646.0,0.431087685063116,0
17648.0,0.4022061050448841,0
17649.0,0.5349418313274638,0
17651.0,0.3378269182239957,0
17652.0,0.19233933291867258,0
17653.0,0.543035800996486,0
17654.0,0.6969909674849705,0
17655.0,0.24756067127925105,0
17656.0,0.3835942519946286,0
17658.0,0.7085702302065534,0
17659.0,0.11362299026919287,0
17660.0,0.575416922383786,0
17663.0,0.3531404803571146,0
17664.0,0.6491302360288331,0
17667.0,0.29846274627415215,0
17669.0,0.2697110267207832,0
17670.0,0.7084534891534461,0
17671.0,0.39838891525411024,0
17672.0,0.656354597710996,0
17673.0,0.279983450835381,0
17674.0,0.7757977786440107,0
17675.0,0.006728820465441912,0
17676.0,0.3290109590641566,0
17677.0,0.012774012890036941,0
17678.0,0.7025020318058958,0
17682.0,0.26175416560458437,0
17685.0,0.3589095208073175,0
17686.0,0.18835316083773682,0
17690.0,0.06418353132512819,0
17691.0,0.754405368134886,0
17692.0,0.3343939268269285,0
17693.0,0.633063994122159,0
17694.0,0.6371089454207254,0
17695.0,0.4738950384227521,0
17696.0,0.161881789698589,0
17697.0,0.6755820888622832,0
17698.0,0.7453296234661068,0
17700.0,0.3085026111789332,0
17701.0,0.6676994709912125,0
17702.0,0.3599272494151295,0
17703.0,0.4580535503695228,0
17704.0,0.5014990962927007,0
17705.0,0.21998980147258135,0
17706.0,0.045116817083911506,0
17707.0,0.6515146984180485,0
17708.0,0.5136883802382923,0
17709.0,0.7064849441844769,0
17711.0,0.7307202594990236,0
17714.0,0.7626563771107704,0
17715.0,0.7964538113261418,0
17716.0,0.13159850395822492,0
17718.0,0.7471828260798077,0
17719.0,0.059293860136449494,0
17720.0,0.3842888583904201,0
17722.0,0.23917906771095598,0
17723.0,0.32302923535255645,0
17724.0,0.6538003025735525,0
17725.0,0.12151982587222944,0
17730.0,0.12691515611655962,0
17731.0,0.38906453534991814,0
17732.0,0.7515818849115451,0
17733.0,0.7209766763759219,0
17734.0,0.4698362100822445,0
17735.0,0.020508106728592827,0
17736.0,0.5890025355217169,0
17738.0,0.3530357591971781,0
17739.0,0.4857050329721527,0
17742.0,0.5068483634351676,0
17744.0,0.38511880931970144,0
17746.0,0.7526062940140293,0
17747.0,0.7664074885750061,0
17749.0,0.49507587847497336,0
17750.0,0.21561155738614146,0
17752.0,0.861307608785792,0
17754.0,0.4558532736238147,0
17757.0,0.012098238604840106,0
17758.0,0.2510947188494486,0
17759.0,0.5525482801147806,0
17760.0,0.7909848487704485,0
17763.0,0.8367379627294907,0
17764.0,0.6705264371828141,0
17765.0,0.392022887640243,0
17768.0,0.6226740333829682,0
17769.0,0.2544507749010796,0
17770.0,0.3311737310727233,0
17771.0,0.721746457771982,0
17774.0,0.23746718332594025,0
17775.0,0.7937791155169486,0
17777.0,0.5084780832489327,0
17779.0,0.5787534870007525,0
17781.0,0.5625891940289047,0
17783.0,0.6598938672616645,0
17786.0,0.7133361310525184,0
17787.0,0.28034513584352483,0
17788.0,0.7435391139960877,0
17789.0,0.7221152743230644,0
17790.0,0.06722267495221544,0
17795.0,0.4807723934894413,0
17796.0,0.49413412947970803,0
17797.0,0.5856664289593779,0
17799.0,0.07988065391140484,0
17800.0,0.17871401632957976,0
17802.0,0.4312852948052172,0
17809.0,0.16856197023980296,0
17811.0,0.005233022960417816,0
17812.0,0.7283995856012174,0
17816.0,0.6607418575089992,0
17817.0,0.6425609756164967,0
17819.0,0.25855091459908686,0
17827.0,0.3118133044966913,0
17828.0,0.35907212668174215,0
17829.0,0.6734037071947749,0
17830.0,0.6370297732199116,0
17837.0,0.4563863042216435,0
17838.0,0.4623465052828104,0
17841.0,1.929448528583251e-07,0
17843.0,0.6752360366397818,0
17844.0,0.6982108012273234,0
17848.0,0.16484157426152748,0
17849.0,0.45376545513623107,0
17850.0,0.28556937674040295,0
17854.0,0.571374658328764,0
17855.0,0.757138508967297,0
17856.0,0.5871329602096312,0
17857.0,0.06091474253480701,0
17858.0,0.11704896022336703,0
17859.0,0.7071993219721575,0
17860.0,0.6898111531284375,0
17861.0,0.22209416382386754,0
17862.0,0.7541747657679543,0
17863.0,0.3015818629007271,0
17864.0,0.67360141704465,0
17865.0,0.05312965339209981,0
17866.0,0.6699013656908306,0
17867.0,0.43232127985544333,0
17869.0,0.2724522111515568,0
17870.0,0.15393836211141504,0
17871.0,0.7037079425601053,0
17873.0,0.390025120701832,0
17874.0,0.27357339783469564,0
17877.0,0.6702974315474555,0
17879.0,0.7153757601822605,0
17880.0,0.7234442757817956,0
17881.0,0.767361491187824,0
17883.0,0.6890671986416308,0
17884.0,0.4644613891003722,0
17886.0,0.5117356592652116,0
17887.0,0.6641094269622434,0
17888.0,0.3657754842309549,0
17889.0,0.5609239729724549,0
17890.0,0.540785866925545,0
17891.0,0.5946089129154256,0
17892.0,0.6127429515608224,0
17893.0,0.6928229395957372,0
17894.0,0.14389824668023882,0
17897.0,0.3469505587412334,0
17898.0,0.6649010652092484,0
17899.0,0.6065856290858767,0
17900.0,0.6588891966844483,0
17905.0,0.41202016077372866,0
17906.0,0.7212537499756192,0
17908.0,0.6902428448146992,0
17912.0,0.415281330002577,0
17913.0,0.7131443590422075,0
17917.0,0.5134988647107389,0
17920.0,0.08229449528385484,0
17921.0,0.3498779025766485,0
17923.0,0.8310694127914039,0
17924.0,0.735963164234671,0
17925.0,0.8607595226507407,0
17926.0,0.5170105340053209,0
17928.0,0.6991916191909691,0
17929.0,0.509589647880962,0
17930.0,0.5237687676170374,0
17931.0,0.41564233917575744,0
17932.0,0.4492981339456017,0
17935.0,0.5646580454507734,0
17937.0,0.2995958749638426,0
17939.0,0.670673771986327,0
17940.0,0.17721715024207563,0
17941.0,0.7421826435952654,0
17946.0,0.6102380725560185,0
17948.0,0.7726258953428395,0
17949.0,0.001660502453944347,0
17950.0,0.6230822795566228,0
17951.0,0.7580688314255742,0
17954.0,0.0691506650643098,0
17955.0,0.4645445272128996,0
17956.0,0.8324661444535137,0
17958.0,0.6671103484278444,0
17960.0,0.6278839826137486,0
17961.0,0.0018539256945732708,0
17962.0,0.5899775896881871,0
17964.0,0.7133236937077391,0
17965.0,0.045822933605150086,0
17966.0,0.3241971375335457,0
17967.0,0.70822018048744,0
17968.0,0.6641180105959877,0
17969.0,0.5437619227422453,0
17970.0,0.632756268433809,0
17972.0,0.6548911379621197,0
17974.0,0.6745503199499778,0
17975.0,0.06291177404020638,0
17976.0,0.6806758972798271,0
17978.0,0.7700119252372205,0
17979.0,0.365701845065932,0
17980.0,0.44039520118293773,0
17984.0,0.5605070778580061,0
17987.0,0.6751329401731339,0
17988.0,0.3076918008188373,0
17990.0,0.4869083824604428,0
17991.0,0.6805439539718076,0
17994.0,0.29541695851708705,0
17995.0,0.8172844410629578,0
17997.0,0.16704630206925086,0
17999.0,0.7089028798298543,0
18004.0,0.7166672076668087,0
18008.0,0.2573010215894085,0
18009.0,0.6440354708106575,0
18010.0,0.710717423884096,0
18011.0,0.7338985482486315,0
18013.0,0.5032941426901608,0
18016.0,0.40365186004391473,0
18017.0,0.6721303987369195,0
18018.0,0.46920598957044024,0
18024.0,0.5230925605755912,0
18027.0,0.5944008746097009,0
18032.0,0.8052469896653979,0
18036.0,0.40992833004379575,0
18037.0,0.3018140686693524,0
18040.0,0.71184206076313,0
18041.0,0.02294715877430391,0
18043.0,0.4342063610382264,0
18044.0,0.19252816424230107,0
18048.0,0.6424466695635879,0
18050.0,0.8151764142579548,0
18055.0,0.14607953584856614,0
18056.0,0.7039777196059351,0
18061.0,0.18170427129993272,0
18062.0,0.45089485667597395,0
18064.0,0.565031944251734,0
18065.0,0.16304111460088316,0
18068.0,0.8370100832605013,0
18069.0,0.3032882571984147,0
18071.0,0.5746838764973511,0
18072.0,0.6520276456136974,0
18073.0,0.08618338758396359,0
18074.0,0.7665620607959714,0
18075.0,0.13349831495886813,0
18077.0,0.15412128114562187,0
18078.0,0.5532212837723307,0
18079.0,0.4018911653392055,0
18080.0,0.808543389672411,0
18081.0,0.5737895917313786,0
18085.0,0.6333512093641708,0
18086.0,0.7616882414602407,0
18087.0,0.5811302719675362,0
18092.0,0.17725335211622742,0
18093.0,0.3151293975198245,0
18094.0,0.2823539173773639,0
18095.0,0.662408356119017,0
18097.0,0.2513194646218803,0
18099.0,0.6164283015771302,0
18101.0,0.65536085800931,0
18102.0,0.004173287015196373,0
18106.0,0.6900645287455686,0
18108.0,0.6944912870794167,0
18109.0,0.018579677237249115,0
18112.0,0.669449922620896,0
18113.0,0.8643029873871022,0
18114.0,0.6840126875151548,0
18116.0,0.16600043110231938,0
18118.0,0.01121017213562318,0
18119.0,0.7248428983269678,0
18120.0,0.6787653073292954,0
18121.0,0.5406420302528702,0
18122.0,0.6198550940285672,0
18125.0,0.34181675732771627,0
18127.0,0.6785771821462916,0
18129.0,0.7113587676334289,0
18133.0,0.795602430344937,0
18135.0,0.704888119340461,0
18136.0,0.5217593293182491,0
18138.0,0.7623096442160588,0
18142.0,0.5702427275785739,0
18143.0,0.41326975463668564,0
18144.0,0.14442905318993457,0
18145.0,0.4604171997744007,0
18146.0,0.564645970971006,0
18147.0,0.7065633597091274,0
18149.0,0.6160119664590352,0
18150.0,0.504635045031253,0
18151.0,0.44534641825349147,0
18155.0,0.5531613701093322,0
18156.0,0.6905487888812071,0
18159.0,0.6963053913145956,0
18160.0,0.6552255364893252,0
18161.0,0.4233004114286124,0
18165.0,0.6839122137385942,0
18167.0,0.6204611555263051,0
18168.0,0.20945975119445842,0
18170.0,0.4606768613095532,0
18171.0,0.31204416955384995,0
18172.0,0.07045294432681076,0
18173.0,0.4805128176413209,0
18176.0,0.7112235172318707,0
18177.0,0.2898399774037692,0
18178.0,0.2761266222355419,0
18179.0,0.3853825564398482,0
18180.0,0.49198015972154824,0
18183.0,0.5317083385024182,0
18185.0,0.6908681250050095,0
18188.0,0.7144300120878341,0
18189.0,0.6380778030275843,0
18190.0,0.5653845711046344,0
18191.0,0.7508705859021989,0
18193.0,0.648261205262132,0
18196.0,0.32736476037193546,0
18198.0,0.04501617957328956,0
18200.0,0.5728362284051486,0
18202.0,0.4074430292254628,0
18203.0,0.6350835917165385,0
18204.0,0.35103658016395073,0
18210.0,0.7724691884068708,0
18211.0,0.5229108844648653,0
18212.0,0.6986210920625644,0
18213.0,0.6935363594943588,0
18218.0,0.5675999878602292,0
18219.0,0.16367848715085911,0
18220.0,0.786991695338859,0
18221.0,0.3782910879469285,0
18222.0,0.58657003216453,0
18223.0,0.07204819819253654,0
18224.0,0.734536241391494,0
18225.0,0.149822705129312,0
18226.0,0.10317545695809292,0
18227.0,0.7515268612537733,0
18229.0,0.045193958979867443,0
18230.0,0.2623031784237258,0
18231.0,0.25272149956534756,0
18232.0,0.43909881374459525,0
18233.0,0.8427631234142275,0
18235.0,0.42214410675427266,0
18236.0,0.34396580391515513,0
18237.0,0.37061350097335605,0
18239.0,0.2826972575232712,0
18241.0,0.08878975554227575,0
18242.0,0.5516644928001728,0
18245.0,0.19426484207275316,0
18246.0,0.7915815379263453,0
18248.0,0.4437219823528373,0
18250.0,0.7099190580945955,0
18252.0,0.7548464903821948,0
18257.0,0.23893037523665758,0
18259.0,0.7950546766656446,0
18260.0,0.21023781066092628,0
18261.0,0.6109327069240402,0
18262.0,0.6512032461600956,0
18263.0,0.45181046988387547,0
18265.0,0.596451195605244,0
18268.0,0.7825735162121049,0
18269.0,0.7995590409922528,0
18270.0,0.7734758121943003,0
18272.0,0.2734429701649751,0
18273.0,0.6311883749839351,0
18280.0,0.7407240900282072,0
18281.0,0.71613322737017,0
18282.0,0.6851427491818408,0
18283.0,0.07175235968132178,0
18287.0,0.6244724586807722,0
